Hours_Studied	Attendance	Access_to_Resources	Sleep_Hours	Previous_Scores	Tutoring_Sessions	Exam_Score												
23	84	High	7	73	0	67												
19	64	Medium	8	59	2	61												
24	98	Medium	7	91	2	74												
29	89	Medium	8	98	1	71												
19	92	Medium	6	65	3	70												
19	88	Medium	8	89	3	71												
29	84	Low	7	68	1	67												
25	78	High	6	50	1	66												
17	94	High	6	80	0	69												
23	98	Medium	8	71	0	72												
17	80	High	8	88	4	68												
17	97	High	6	87	2	71												
21	83	Medium	8	97	2	70												
9	82	Medium	8	72	2	66												
10	78	High	8	74	1	65												
17	68	Medium	8	70	2	64												
14	60	Low	10	65	0	60												
22	70	Medium	6	82	1	65												
15	80	Medium	9	91	3	67												
12	75	High	7	58	3	66												
29	78	Medium	5	99	0	69												
19	99	High	6	84	1	72												
20	74	High	8	89	1	66												
11	78	Medium	8	100	1	66												
17	65	High	5	75	2	63												
21	62	Low	6	54	0	64												
13	91	Medium	6	90	1	65												
22	83	High	6	94	0	71												
16	90	Medium	4	58	1	66												
18	66	High	4	51	2	64												
16	83	Medium	6	57	0	63												
31	70	High	7	66	1	69												
20	69	Medium	8	96	2	67												
14	60	Medium	5	50	2	61												
25	65	Medium	5	90	2	68												
13	72	Medium	6	93	1	61												
21	65	Low	7	91	2	64												
8	99	Medium	9	54	2	67												
12	72	Medium	8	84	1	63												
21	65	Medium	6	98	1	64												
24	68	Medium	8	56	3	67												
21	84	Medium	6	52	1	65												
19	63	High	7	94	1	64												
18	94	High	7	82	3	70												
11	98	Medium	9	82	1	68												
16	70	Medium	8	98	2	65												
17	78	Medium	6	88	1	68												
26	61	Low	6	70	2	64												
22	86	Medium	7	72	3	68												
9	77	Medium	5	57	2	63												
22	71	Medium	7	65	1	64												
18	68	Medium	7	72	0	64												
16	86	Medium	8	63	2	67												
24	77	Low	8	96	0	67												
26	67	High	7	51	2	66												
26	88	High	5	79	1	72												
15	83	High	5	89	1	65												
18	94	Medium	6	87	1	71												
22	65	Low	8	82	2	66												
26	91	Low	8	71	0	68												
17	87	Medium	7	96	1	70												
19	65	Medium	10	66	0	62												
13	88	High	9	88	2	68												
13	78	High	9	96	2	67												
25	98	High	8	56	0	71												
28	66	High	8	97	0	68												
20	86	Medium	8	89	1	69												
26	75	High	4	81	3	70												
22	98	High	5	69	1	69												
16	73	Medium	7	95	1	65												
22	98	Low	7	52	3	70												
29	96	Low	7	72	1	71												
20	71	Medium	7	88	1	65												
29	92	Medium	4	91	2	72												
4	100	High	8	60	0	69												
25	70	Medium	7	52	1	66												
21	77	Medium	7	90	4	68												
18	81	Low	8	71	0	65												
21	72	Medium	5	57	1	64												
8	61	Medium	7	54	1	60												
19	69	High	7	82	1	65												
22	71	Medium	6	79	1	66												
29	78	High	4	93	5	74												
17	67	Medium	5	52	2	62												
15	95	Medium	7	93	2	70												
17	88	High	7	94	0	69												
25	63	High	7	72	3	67												
22	86	Low	6	54	2	64												
17	86	High	5	97	3	71												
23	98	Low	7	54	0	68												
21	60	Medium	7	80	0	64												
26	70	Low	8	75	1	63												
16	97	Medium	6	92	0	71												
18	97	Medium	4	75	0	69												
18	89	Medium	4	73	3	100												
11	91	Medium	6	94	3	68												
22	64	Medium	7	98	1	62												
22	81	Medium	7	77	2	68												
20	69	High	6	73	2	66												
19	67	Medium	5	92	0	64												
12	92	Medium	4	92	2	67												
17	65	High	8	66	1	65												
18	79	Medium	7	79	0	65												
15	98	Medium	6	58	0	69												
19	67	Medium	5	82	1	63												
22	99	Low	6	92	3	72												
31	100	Medium	7	59	2	76												
21	82	High	7	66	3	69												
22	67	Medium	7	72	3	67												
20	73	Medium	9	92	2	69												
8	77	Medium	6	87	0	63												
20	72	Medium	9	66	3	67												
20	71	High	7	62	2	66												
35	99	High	7	85	2	79												
19	66	Medium	8	74	1	64												
22	89	High	6	80	1	73												
20	60	High	7	82	2	63												
13	84	Medium	5	78	1	65												
27	97	High	8	81	0	73												
25	72	High	8	94	2	70												
25	67	Medium	9	93	2	68												
15	86	Medium	7	57	1	65												
28	89	High	9	79	0	71												
12	88	Medium	6	72	2	64												
24	73	High	8	64	4	68												
33	70	Medium	6	82	1	69												
14	98	Medium	7	76	0	69												
17	97	Medium	8	89	1	69												
21	78	Medium	10	55	1	67												
17	94	Medium	8	65	4	68												
11	78	High	8	51	2	64												
20	77	Medium	6	87	0	66												
14	66	Low	7	96	3	63												
23	77	Medium	7	79	0	66												
14	81	Medium	9	81	1	66												
29	61	High	7	52	3	67												
15	78	High	9	75	1	65												
18	91	Medium	5	76	1	68												
25	87	Low	9	52	1	68												
13	85	Medium	6	89	0	65												
21	96	Medium	8	64	2	71												
28	61	High	6	86	1	65												
10	82	Low	8	70	3	64												
21	91	Medium	6	100	0	72												
22	82	Medium	9	61	2	65												
25	73	High	8	53	0	66												
13	65	High	6	99	0	61												
12	96	High	8	62	2	68												
23	79	High	8	82	3	69												
22	95	High	6	69	1	72												
22	83	High	5	82	2	71												
22	87	High	5	80	2	70												
16	92	High	5	85	1	68												
21	86	Medium	5	51	2	67												
22	76	Medium	8	92	1	68												
16	81	Medium	8	74	3	68												
31	92	Medium	4	76	2	72												
23	75	High	6	71	0	65												
13	76	High	5	99	2	66												
24	64	Medium	8	90	0	65												
14	97	Medium	6	66	2	67												
25	64	High	5	89	2	66												
27	86	Medium	7	72	1	69												
15	77	Medium	8	94	0	66												
26	76	High	6	52	4	69												
22	87	Low	7	68	0	67												
25	63	Medium	6	71	1	66												
31	84	Medium	9	87	2	71												
19	91	Low	6	59	5	70												
15	93	Medium	6	64	2	71												
15	67	Medium	7	86	1	66												
15	96	Medium	7	54	3	67												
20	86	Low	8	60	1	66												
22	95	High	9	88	0	72												
22	79	Medium	9	94	1	68												
25	82	Medium	6	86	3	69												
20	97	Medium	7	76	2	71												
29	96	Medium	9	55	0	70												
18	78	Medium	9	91	2	67												
36	71	Medium	6	56	2	69												
24	76	High	8	69	2	65												
15	76	High	8	53	1	65												
14	71	Medium	8	85	2	64												
23	71	Low	9	75	1	63												
19	94	Medium	5	95	3	69												
24	63	Low	6	57	1	64												
23	87	High	8	91	0	72												
20	67	Medium	7	76	0	63												
15	74	High	4	68	3	64												
11	62	High	5	82	3	64												
17	71	Medium	8	90	5	67												
25	91	Medium	8	72	2	71												
21	95	Medium	5	62	1	70												
13	69	Low	9	96	0	61												
21	79	High	7	66	2	67												
22	79	Medium	5	100	4	72												
15	95	Low	6	88	1	66												
21	91	High	5	84	1	70												
20	81	Medium	6	51	3	67												
13	87	Low	4	72	2	67												
22	94	Medium	7	75	2	71												
23	60	Medium	8	69	1	66												
26	76	Medium	5	57	1	68												
26	96	Medium	7	68	3	74												
12	90	Low	6	54	1	64												
14	82	Medium	8	65	1	65												
23	81	Medium	4	54	1	66												
23	74	High	8	88	0	66												
23	81	Low	4	84	2	68												
43	86	Medium	7	97	2	78												
23	77	High	6	69	1	67												
27	89	High	6	89	3	74												
26	94	High	5	79	1	74												
24	66	Low	9	82	1	62												
18	78	Medium	5	77	2	66												
25	76	Medium	5	89	3	69												
15	87	High	10	52	2	68												
19	70	Low	7	54	0	89												
17	86	Low	5	55	2	66												
20	95	Medium	7	64	2	68												
34	77	Low	7	80	0	69												
9	96	Medium	4	82	0	67												
24	100	High	6	86	2	75												
10	64	High	7	64	0	60												
17	69	Medium	9	83	2	66												
27	98	High	7	56	1	73												
20	98	Low	7	50	1	68												
14	64	Medium	6	85	0	62												
16	61	Medium	9	86	2	62												
24	66	Low	8	81	1	65												
16	100	Low	8	63	2	69												
21	67	Medium	7	96	3	64												
20	80	High	5	94	0	67												
16	94	High	9	76	0	70												
33	61	Medium	7	99	2	70												
24	84	Low	7	65	3	69												
8	71	Low	8	75	0	61												
21	94	Medium	7	96	0	69												
16	71	Medium	5	73	1	63												
25	87	Low	7	74	0	67												
15	87	Medium	4	54	1	65												
19	69	Medium	7	61	3	66												
23	61	Medium	9	58	4	63												
25	76	High	4	78	2	68												
13	72	High	7	66	0	65												
18	92	Medium	8	54	1	67												
17	92	Low	8	75	2	68												
16	78	High	6	83	0	64												
31	84	Medium	5	87	0	71												
22	84	Medium	6	92	0	69												
12	93	Medium	9	74	1	67												
26	77	Medium	4	70	2	65												
33	71	Medium	5	84	1	68												
26	71	Medium	6	51	1	67												
11	81	Medium	6	82	3	67												
17	78	High	7	70	2	66												
28	78	Medium	9	73	2	70												
16	64	Low	5	65	3	65												
23	89	Low	7	56	4	69												
25	69	Medium	7	70	1	65												
14	68	Medium	6	65	1	63												
20	77	Medium	5	98	2	67												
1	69	Medium	6	97	1	61												
14	83	Low	6	82	0	65												
18	75	High	8	95	1	66												
13	78	High	8	88	0	66												
30	81	Low	5	67	1	69												
11	68	Medium	6	80	2	63												
17	66	High	6	61	1	65												
21	95	Low	10	84	0	67												
29	77	High	7	52	2	69												
11	76	Medium	5	92	4	65												
27	61	Medium	6	79	1	65												
20	80	Low	6	53	0	65												
14	82	High	8	94	2	67												
23	82	Medium	8	94	1	66												
21	88	High	7	93	4	72												
16	67	High	7	89	3	66												
20	70	Medium	7	84	2	65												
18	92	Medium	7	70	1	69												
21	98	Low	4	57	2	68												
24	65	Low	7	64	1	64												
30	80	High	6	67	3	69												
13	69	Low	5	68	0	59												
33	62	Medium	10	78	0	68												
8	73	Medium	7	60	0	60												
19	66	High	7	59	1	62												
24	88	Medium	6	86	0	67												
22	81	High	8	50	4	68												
16	66	High	5	57	3	64												
19	60	High	7	72	3	65												
17	92	Low	6	57	2	65												
16	67	Medium	8	98	0	63												
25	84	Low	6	84	2	70												
22	73	Medium	9	72	3	66												
16	83	High	7	56	4	68												
25	73	Low	8	69	3	66												
22	63	Low	8	83	3	63												
25	69	Medium	9	98	1	66												
24	68	Medium	6	74	1	65												
15	77	Medium	8	85	1	66												
17	86	Low	4	60	2	67												
24	71	Medium	7	81	0	66												
24	60	Medium	6	62	4	63												
20	81	Medium	5	60	3	66												
21	84	Medium	6	75	1	67												
28	99	Medium	6	61	1	71												
16	84	High	7	86	1	67												
23	79	High	6	97	1	69												
19	83	Medium	7	70	2	67												
19	97	Medium	6	66	2	72												
27	93	Low	6	59	2	70												
25	73	High	7	70	0	67												
25	69	High	7	78	0	64												
28	71	Medium	8	69	1	67												
20	80	High	8	81	3	69												
24	90	Low	7	83	0	68												
18	80	Medium	8	55	2	63												
22	63	High	7	85	4	68												
19	89	Medium	7	95	0	70												
21	92	Low	8	51	0	66												
24	72	High	6	78	0	68												
15	87	Low	4	80	0	67												
33	77	High	5	85	0	69												
14	96	Low	9	69	0	66												
13	94	Medium	7	91	3	68												
27	81	Medium	7	77	2	69												
25	88	Medium	7	70	1	70												
24	95	High	8	86	1	74												
24	80	High	7	96	0	70												
20	73	Medium	7	91	1	66												
15	90	Medium	8	97	1	69												
20	69	High	6	63	0	64												
16	76	High	8	56	1	62												
26	95	High	7	77	0	70												
19	89	Medium	7	52	2	68												
15	76	Medium	6	84	0	65												
18	69	High	7	62	3	65												
22	74	High	6	73	3	71												
17	71	Medium	9	83	2	66												
15	67	Medium	4	74	0	61												
21	90	Medium	8	62	2	67												
21	70	High	4	94	0	65												
17	78	High	8	88	0	65												
17	75	High	6	80	1	65												
21	99	Medium	8	85	4	73												
11	76	Medium	7	71	1	62												
12	63	High	5	69	0	60												
16	64	Medium	9	58	1	61												
19	84	Medium	8	90	2	67												
22	84	Medium	8	69	3	70												
29	77	High	6	85	1	69												
25	77	Low	8	65	0	66												
19	62	Medium	5	90	2	64												
20	81	Medium	4	55	1	68												
14	80	Medium	5	81	1	67												
20	66	Medium	6	90	0	64												
18	64	Medium	6	83	2	65												
22	65	High	6	85	2	66												
15	64	Medium	6	76	2	63												
23	84	Medium	6	78	2	68												
29	68	High	4	53	1	66												
19	70	Medium	7	63	3	63												
22	67	Medium	7	86	1	63												
24	98	Medium	6	97	1	74												
18	94	High	9	77	1	70												
21	69	High	7	86	2	68												
20	73	Medium	7	84	0	66												
21	68	Low	8	100	0	63												
15	80	High	5	90	4	67												
20	61	Medium	7	81	1	62												
23	87	High	8	56	1	71												
29	81	Medium	7	68	2	72												
26	96	Medium	5	63	1	72												
33	67	Medium	6	93	0	68												
15	92	Low	7	72	1	66												
25	92	Medium	4	77	0	70												
21	65	Low	5	98	2	66												
33	76	Medium	10	92	1	72												
15	67	Medium	8	89	0	64												
15	70	Medium	9	57	1	63												
16	71	Medium	8	51	0	61												
7	82	High	8	56	0	62												
17	76	High	7	87	1	68												
15	98	Medium	8	71	1	68												
21	65	Medium	9	56	1	63												
22	99	Low	8	87	1	70												
31	69	Low	7	60	1	68												
26	91	Medium	7	79	1	72												
17	74	Medium	8	87	4	67												
15	66	High	6	80	1	61												
23	94	Medium	8	100	0	69												
12	72	Low	6	72	2	61												
31	86	High	6	66	3	75												
27	83	Low	5	60	0	68												
17	79	Low	6	75	1	65												
10	80	Medium	6	93	4	67												
28	89	High	10	97	3	75												
19	64	Medium	6	99	1	64												
27	87	Medium	8	77	1	70												
10	96	High	6	80	0	67												
16	62	Medium	7	79	2	63												
20	66	High	7	73	1	65												
20	89	Medium	4	58	1	67												
17	77	High	5	53	2	86												
24	76	High	6	72	3	67												
14	65	Medium	5	59	1	63												
19	80	Medium	7	94	0	66												
21	65	High	7	88	2	65												
23	79	Medium	5	81	1	67												
24	91	Medium	7	52	0	69												
13	70	High	6	81	2	66												
11	79	Medium	7	81	1	64												
28	100	Low	6	72	1	73												
22	87	Medium	8	83	1	66												
16	94	Medium	9	93	1	68												
29	77	Low	8	88	0	70												
21	91	Medium	9	74	2	69												
27	62	High	5	63	4	67												
20	65	Low	6	74	0	62												
32	68	Low	8	97	1	68												
31	76	High	9	91	1	72												
19	94	Medium	8	51	3	69												
26	74	Low	5	89	3	66												
24	86	High	6	59	1	70												
28	88	Medium	8	79	0	71												
14	83	Medium	7	90	0	65												
24	74	Medium	6	78	3	70												
26	83	Low	7	70	2	65												
9	74	High	7	66	1	62												
13	63	Medium	5	65	2	62												
8	100	Medium	8	92	1	70												
18	65	High	6	91	5	66												
24	63	Low	7	91	4	67												
29	95	Low	9	64	1	72												
20	72	Low	7	90	0	66												
30	86	Low	8	52	2	68												
12	73	Medium	5	60	1	62												
10	76	Medium	8	76	2	64												
20	70	Medium	8	70	0	65												
22	74	Low	6	56	4	66												
20	76	Low	7	52	2	64												
8	89	High	7	81	4	67												
19	80	Medium	7	66	4	69												
12	98	Medium	8	51	0	68												
24	62	Medium	6	72	2	64												
22	80	Medium	7	65	2	68												
14	83	Low	9	79	1	64												
17	97	High	9	96	0	71												
14	62	High	8	65	3	61												
20	83	Medium	7	100	4	68												
26	94	Medium	10	54	2	73												
14	70	Medium	9	54	3	64												
23	95	Medium	7	86	3	72												
17	61	Medium	7	87	5	65												
15	89	Medium	6	71	1	68												
19	97	Low	8	64	2	71												
14	86	Low	8	90	3	65												
17	78	Medium	8	98	2	66												
13	62	High	7	99	4	63												
32	97	High	5	82	1	74												
20	79	Low	7	87	2	66												
16	61	Low	8	91	2	63												
21	88	Medium	6	90	2	72												
19	79	High	7	100	1	69												
19	65	High	9	91	1	67												
24	69	High	5	83	3	66												
25	63	Medium	7	69	0	64												
17	83	Medium	9	80	4	67												
17	85	Low	7	94	4	69												
18	80	Low	6	65	2	65												
6	93	Medium	7	52	0	64												
11	94	Low	8	66	1	65												
28	85	High	7	98	2	72												
30	61	High	8	90	2	66												
19	88	Low	7	59	2	66												
23	77	High	7	51	1	67												
22	83	Medium	8	83	1	69												
38	86	High	7	79	3	73												
27	74	High	6	54	3	69												
19	97	Low	8	98	1	68												
14	65	Medium	7	81	1	61												
10	87	Low	6	83	0	63												
21	60	High	8	93	0	63												
15	97	Medium	9	67	1	68												
11	65	High	7	78	2	63												
16	64	Medium	7	79	3	66												
14	73	Medium	5	98	2	65												
30	75	High	7	57	0	68												
25	69	Medium	7	88	0	66												
20	83	Low	7	79	2	66												
29	78	Medium	6	92	2	70												
20	61	Low	8	92	0	61												
15	73	Low	7	51	2	61												
29	92	Medium	10	63	1	71												
23	88	Medium	7	59	1	67												
14	89	High	4	73	2	70												
19	88	Medium	5	95	2	69												
15	72	High	8	50	2	65												
12	64	Low	6	74	0	61												
26	71	Low	6	94	3	68												
31	93	Low	5	96	2	74												
12	99	Medium	6	83	1	67												
23	80	Medium	7	91	5	70												
16	60	Medium	8	66	1	59												
17	66	High	5	64	0	64												
16	73	Medium	8	52	2	66												
15	83	Low	5	75	1	63												
20	63	Low	8	73	0	61												
15	98	High	8	69	2	68												
22	75	Medium	6	56	3	65												
20	97	High	5	62	1	69												
19	91	Low	8	60	2	68												
15	90	Low	6	97	2	69												
17	84	Low	7	98	1	67												
25	85	High	8	50	1	70												
23	86	Medium	8	59	1	68												
14	85	Medium	6	94	0	67												
21	82	Medium	7	52	4	67												
25	99	Medium	6	97	0	75												
10	89	Low	8	69	3	63												
23	91	Medium	9	77	1	70												
16	95	Low	6	88	2	70												
23	69	High	7	62	1	64												
15	63	Low	8	55	0	59												
9	79	Low	7	90	1	63												
10	81	Medium	8	99	2	67												
20	93	High	7	83	0	68												
22	78	Medium	5	91	0	68												
15	83	Medium	7	97	2	97												
24	81	Low	9	61	1	66												
10	62	Low	7	68	3	61												
20	85	Medium	9	61	2	70												
13	93	Low	4	53	1	65												
16	66	Medium	8	87	3	64												
20	84	High	6	57	2	69												
15	84	High	6	55	1	64												
18	67	Low	9	68	2	61												
26	65	Medium	7	53	3	64												
17	99	High	6	59	0	68												
25	76	High	8	53	1	67												
13	69	Low	4	94	3	62												
23	67	Medium	9	89	2	66												
29	87	High	10	93	1	72												
5	84	Medium	8	93	4	68												
15	86	High	8	97	4	71												
23	64	Medium	7	59	3	65												
19	96	Low	5	95	2	68												
22	76	Low	9	76	2	65												
16	73	Low	8	58	1	64												
21	78	Low	8	83	2	65												
19	76	High	8	66	0	65												
27	95	Medium	7	52	3	73												
22	97	High	6	54	1	72												
22	72	Medium	10	71	1	64												
18	95	Medium	7	91	0	69												
17	91	Medium	6	66	1	69												
17	97	High	9	88	0	70												
22	70	Medium	7	53	1	83												
17	83	Medium	7	70	3	68												
22	71	High	9	56	1	84												
32	93	Medium	8	93	1	75												
25	60	High	8	98	1	67												
18	83	High	5	66	0	69												
27	74	Medium	8	99	3	71												
18	73	Low	5	88	1	66												
8	86	High	6	50	1	65												
14	94	Medium	7	74	1	70												
9	84	Low	7	92	1	66												
18	94	Medium	8	77	3	74												
20	71	Medium	8	77	0	66												
30	81	High	8	72	0	68												
22	78	High	5	70	2	68												
19	60	High	10	51	0	62												
25	82	High	7	81	2	71												
7	86	Low	9	88	2	63												
21	84	High	4	90	2	69												
25	89	Medium	7	81	3	71												
11	83	Low	5	67	1	66												
27	63	High	6	51	0	64												
22	65	Medium	7	95	3	65												
18	84	High	6	71	4	69												
24	71	Low	9	80	2	66												
34	63	High	10	60	1	67												
21	77	Low	6	57	4	65												
21	82	Low	6	54	3	65												
17	73	Medium	5	90	1	67												
15	89	Medium	9	82	1	66												
25	86	Medium	7	81	1	69												
15	73	High	7	96	1	64												
20	90	Medium	7	58	1	70												
17	86	Medium	7	59	3	68												
23	85	Low	6	59	1	68												
22	82	Medium	7	71	1	69												
26	60	Medium	7	94	3	68												
17	88	Medium	8	94	5	70												
18	75	Medium	5	80	2	67												
14	98	High	7	83	3	72												
17	93	Low	6	95	1	69												
22	84	Medium	7	81	1	69												
25	70	Medium	8	61	3	64												
14	68	Medium	6	85	2	63												
25	74	High	9	88	3	70												
28	79	Medium	4	82	0	70												
22	72	Medium	9	64	1	66												
31	81	Medium	9	70	1	70												
15	67	High	6	74	0	66												
13	99	Medium	6	57	1	68												
9	64	Medium	5	73	1	61												
29	97	Medium	8	58	1	72												
24	97	Low	7	75	1	69												
20	81	Low	6	53	0	63												
22	89	High	5	97	2	72												
13	77	Medium	10	62	1	65												
35	85	High	6	73	1	74												
21	74	Low	7	52	1	62												
21	72	Medium	7	60	0	65												
24	83	High	6	85	1	68												
23	80	Low	6	56	3	66												
21	83	Medium	6	81	3	71												
15	71	High	8	50	1	62												
23	75	High	6	73	1	65												
31	63	High	9	86	0	68												
28	62	High	6	96	4	70												
30	70	Medium	8	75	1	67												
17	63	Medium	4	92	2	63												
14	64	High	6	90	0	63												
19	93	High	6	65	0	69												
20	62	Medium	5	94	3	66												
27	86	Medium	7	82	2	70												
10	71	Medium	7	55	2	63												
29	95	Medium	4	97	0	72												
19	79	Medium	10	59	1	65												
17	72	High	7	74	2	67												
14	81	Medium	7	73	1	63												
10	75	Medium	9	81	3	65												
25	83	Medium	8	83	2	67												
20	65	Low	7	62	0	80												
12	100	Medium	4	68	2	68												
12	77	Medium	8	57	2	63												
18	74	Medium	6	56	1	64												
30	88	Medium	9	91	3	73												
18	75	Medium	6	88	2	66												
11	93	Medium	6	72	2	66												
19	78	High	5	55	0	66												
18	89	High	5	72	4	69												
4	64	High	7	65	1	59												
20	94	Medium	7	89	0	68												
19	89	Medium	6	55	1	67												
24	68	Medium	10	73	1	64												
31	66	High	8	80	0	65												
27	73	Medium	7	99	1	68												
18	99	High	4	54	0	70												
13	70	Medium	8	56	2	62												
35	78	Low	10	99	1	72												
20	61	Low	7	70	1	62												
20	76	High	6	87	1	68												
20	83	Medium	7	89	3	69												
21	98	Medium	5	66	3	73												
19	81	High	8	61	3	69												
17	93	Medium	9	64	1	67												
17	82	Low	6	88	2	65												
20	62	Low	6	92	2	63												
17	73	Medium	7	85	2	66												
16	83	Medium	6	72	1	66												
21	98	High	5	63	0	70												
18	94	Medium	6	71	2	69												
29	69	High	6	96	1	70												
4	69	Low	9	93	2	58												
27	68	Medium	9	66	3	67												
27	97	High	9	66	1	73												
8	94	Low	8	89	0	66												
18	91	High	7	71	0	70												
18	76	High	6	79	1	67												
12	80	Low	9	71	1	60												
15	79	Medium	8	62	1	65												
13	70	Medium	5	59	0	63												
31	80	High	6	57	1	72												
26	61	Medium	5	51	0	62												
28	65	Medium	4	64	6	70												
24	95	Low	8	59	2	70												
13	90	Medium	5	63	0	64												
17	77	Medium	6	54	3	64												
23	81	Low	7	67	0	67												
13	75	High	7	76	1	64												
24	90	Medium	6	97	1	72												
19	91	Low	9	67	0	66												
18	91	Medium	5	52	2	66												
24	89	High	5	68	0	71												
23	68	Low	8	91	5	66												
18	74	Low	6	67	2	64												
27	79	Low	6	65	0	66												
14	73	Low	5	96	1	62												
24	90	Medium	8	65	4	70												
24	73	Medium	7	99	3	69												
18	66	Medium	7	92	2	65												
22	76	Medium	6	84	2	70												
12	99	High	6	80	0	70												
26	69	Medium	7	61	1	67												
19	84	High	8	87	2	69												
17	77	Medium	9	67	0	62												
26	63	High	9	74	1	67												
16	80	Medium	8	55	0	65												
12	88	Medium	8	65	0	65												
11	81	High	5	76	1	65												
24	95	Low	6	73	3	69												
12	72	Medium	8	67	4	63												
31	63	High	7	74	3	66												
8	97	High	8	87	0	67												
30	75	Medium	8	73	1	69												
21	83	Medium	8	75	1	67												
19	92	Medium	5	85	1	70												
17	73	High	7	92	2	67												
22	89	Medium	6	76	2	70												
20	65	High	6	97	0	65												
27	72	Low	4	68	0	63												
21	66	Medium	7	63	0	64												
21	92	Medium	4	85	1	69												
18	69	Medium	8	59	1	60												
20	89	Medium	9	95	3	69												
22	98	Low	8	69	4	72												
10	81	Low	7	85	1	63												
12	82	Medium	9	79	0	63												
24	78	Low	7	53	0	66												
21	73	Medium	6	85	6	70												
19	79	High	7	90	1	68												
20	84	Medium	10	99	2	69												
22	99	Medium	5	71	0	72												
17	98	High	5	75	1	67												
15	94	Medium	8	94	1	68												
21	96	High	7	63	1	70												
14	79	Medium	6	59	5	68												
22	86	Medium	5	57	2	69												
10	96	Medium	4	99	1	68												
26	76	Medium	5	64	0	66												
23	98	Medium	9	88	1	72												
22	77	Medium	7	72	2	67												
26	84	High	4	62	3	70												
30	88	Medium	9	96	1	73												
26	98	Low	9	73	1	73												
9	70	Medium	9	78	1	60												
12	90	High	6	61	2	67												
16	81	Medium	7	66	3	69												
20	71	Low	7	87	1	65												
23	91	High	9	67	2	70												
16	82	High	6	75	3	68												
21	86	Low	6	56	1	66												
15	73	High	8	93	1	65												
16	79	Medium	9	87	1	64												
12	85	High	7	88	1	67												
14	76	Medium	8	59	3	65												
12	68	High	7	75	1	64												
14	98	High	7	51	0	67												
26	80	Low	6	66	2	70												
14	89	Low	5	67	3	63												
36	76	Medium	6	96	1	71												
23	74	Low	6	100	2	68												
21	76	Medium	7	81	0	67												
15	76	High	9	76	1	67												
24	82	Medium	7	72	0	68												
17	82	Medium	6	51	1	66												
21	80	Medium	8	90	0	68												
35	65	Medium	7	84	0	70												
19	80	Low	8	82	5	67												
27	67	Medium	6	90	2	67												
16	65	High	9	96	2	62												
20	97	High	9	69	0	67												
31	84	High	7	71	4	70												
16	86	High	8	99	4	72												
31	76	Medium	9	83	2	70												
24	96	High	6	93	2	94												
17	86	Medium	7	61	2	66												
24	91	Low	7	66	2	69												
26	75	Medium	5	70	0	68												
24	98	Low	8	66	2	71												
11	93	Medium	9	94	4	69												
16	94	Medium	7	76	2	67												
19	67	Medium	8	98	2	64												
20	71	Medium	9	66	1	63												
24	71	High	6	52	2	66												
21	71	Medium	8	57	2	66												
12	94	High	6	61	3	69												
22	61	Low	6	82	4	64												
24	63	Medium	8	59	1	62												
23	71	Medium	7	69	3	66												
26	68	High	8	90	4	70												
25	69	Medium	7	56	2	67												
23	92	Medium	8	54	0	68												
20	83	Low	9	77	0	67												
10	60	Medium	9	85	0	62												
23	77	Medium	8	96	1	67												
21	76	High	8	83	0	68												
22	65	Medium	7	97	2	64												
12	87	Low	7	62	2	64												
14	88	Medium	8	67	2	66												
26	89	Low	7	92	2	72												
20	89	High	8	91	2	72												
24	60	High	9	83	2	66												
20	98	Medium	7	75	4	72												
20	93	Medium	4	51	1	69												
26	96	High	10	64	2	72												
17	61	Low	6	58	1	60												
21	97	Medium	7	53	0	69												
17	92	High	8	89	0	68												
17	93	Medium	9	57	3	69												
18	64	Low	10	68	1	62												
21	90	Medium	6	99	2	71												
17	98	High	9	70	1	70												
28	87	Low	7	57	2	68												
15	83	Medium	10	84	1	68												
19	98	High	9	90	1	70												
17	78	High	7	64	0	65												
29	84	Medium	6	90	0	73												
21	79	Medium	4	64	0	66												
26	97	Medium	8	85	2	71												
11	63	Medium	9	56	2	62												
22	80	Medium	8	71	2	68												
25	87	High	4	76	1	70												
20	92	Low	5	86	0	68												
26	83	Low	8	83	2	71												
17	96	Medium	10	93	2	70												
28	98	Medium	7	59	1	72												
34	63	High	9	83	2	69												
18	76	High	5	56	1	63												
17	61	Medium	7	74	0	62												
29	73	Medium	7	76	2	68												
29	81	Medium	9	51	2	70												
17	96	Medium	6	54	1	69												
17	94	Medium	10	92	2	68												
18	65	Medium	7	64	2	65												
12	64	Low	5	67	3	59												
14	84	Medium	5	82	3	66												
14	81	Medium	6	61	0	64												
15	71	Medium	8	60	5	63												
20	96	Medium	6	71	5	72												
21	97	High	6	53	0	67												
29	76	Medium	8	96	2	94												
14	96	High	4	97	2	70												
26	75	Medium	6	72	0	66												
19	89	Medium	5	60	4	69												
20	79	Low	6	74	2	64												
24	65	Medium	7	55	1	63												
13	97	High	7	70	1	71												
22	78	Medium	7	54	1	65												
21	89	Medium	9	85	1	68												
23	75	Medium	7	64	1	64												
22	61	Low	10	76	1	64												
35	64	Medium	8	51	2	66												
16	80	Medium	6	76	1	68												
17	88	Medium	10	50	3	67												
16	73	High	7	96	1	66												
17	88	Medium	10	75	2	68												
16	88	Medium	7	55	3	66												
27	88	Medium	7	67	3	71												
29	80	High	8	52	4	71												
17	97	High	7	77	0	68												
15	80	Low	9	56	3	64												
23	78	Medium	10	74	3	67												
17	68	Medium	4	65	0	64												
24	72	Low	8	88	3	68												
21	62	Low	6	74	0	62												
11	85	Low	4	92	0	64												
29	70	High	8	97	3	70												
31	72	Medium	8	98	0	68												
16	91	Medium	8	63	2	69												
18	73	Medium	8	88	3	65												
22	70	High	8	72	2	67												
22	67	Medium	6	71	2	65												
24	91	Medium	7	93	0	71												
32	65	Low	8	57	2	65												
19	78	Medium	9	74	2	66												
15	80	Medium	7	80	0	65												
12	87	Medium	7	53	2	65												
16	85	Medium	7	93	1	68												
20	92	Medium	5	66	2	68												
31	62	Medium	8	83	0	67												
17	72	Medium	5	96	3	65												
21	71	Low	8	86	2	66												
20	66	Medium	7	94	0	63												
27	72	High	5	53	1	70												
35	72	High	5	75	1	72												
17	81	High	6	78	2	67												
17	87	Low	6	84	0	67												
26	75	Medium	9	56	1	66												
24	89	Medium	7	83	1	66												
31	73	Medium	8	57	2	69												
24	72	Low	9	53	0	62												
18	82	Medium	9	73	2	66												
24	61	Medium	7	80	0	64												
27	63	Medium	6	98	1	67												
25	77	High	8	85	2	71												
23	98	Medium	6	80	1	73												
26	89	Low	10	61	0	68												
27	64	Low	8	58	2	66												
28	94	High	7	80	3	75												
24	89	High	8	61	1	72												
19	84	Low	7	85	1	68												
21	93	Medium	6	56	1	68												
27	76	High	8	67	1	69												
15	69	Medium	7	89	1	63												
22	80	High	10	92	0	70												
18	82	Medium	6	67	1	66												
20	82	Low	8	60	3	66												
28	83	High	6	98	1	72												
21	98	Medium	6	88	1	71												
20	96	Medium	4	90	3	72												
12	95	Medium	8	61	4	69												
24	92	High	6	71	2	71												
24	98	Low	9	53	3	69												
33	64	Medium	8	55	1	68												
18	71	Low	7	61	2	61												
21	80	High	5	65	2	68												
21	94	Medium	8	100	0	72												
29	80	Medium	6	71	0	70												
19	90	Medium	5	85	0	73												
22	66	High	8	95	3	67												
24	70	High	5	62	2	65												
21	89	Medium	4	57	1	68												
17	67	High	9	62	3	65												
21	74	Medium	6	94	1	97												
26	71	Low	4	83	1	66												
14	74	High	6	73	2	67												
21	88	Medium	6	91	2	70												
16	75	Medium	9	62	3	66												
27	82	High	5	62	1	69												
11	64	Medium	5	78	2	62												
17	92	Low	8	90	1	68												
22	75	High	6	63	1	67												
29	86	Medium	7	61	0	68												
20	89	Medium	6	74	1	69												
17	68	Medium	10	57	1	62												
31	95	Medium	5	87	2	75												
11	85	Medium	7	79	2	65												
7	77	Medium	9	76	2	63												
23	67	Medium	6	94	1	66												
17	98	High	6	87	3	71												
14	90	Medium	8	57	0	66												
24	68	Medium	9	71	2	66												
21	74	High	6	66	1	66												
17	92	High	9	90	1	71												
12	88	Medium	7	86	3	68												
25	91	Medium	8	74	1	71												
24	78	Medium	9	91	0	68												
19	89	Medium	8	71	2	68												
31	75	Medium	7	90	2	68												
14	68	Medium	6	52	2	62												
11	85	Low	10	57	0	65												
16	99	High	6	88	2	71												
20	72	High	7	56	0	63												
21	78	Medium	8	84	1	68												
19	87	Low	8	86	1	69												
22	82	High	10	83	1	69												
12	94	High	7	91	3	71												
29	90	High	7	76	0	71												
20	62	Medium	9	95	0	62												
27	100	Low	7	78	2	70												
22	90	High	8	75	1	70												
23	95	Medium	7	75	2	73												
23	86	High	8	96	3	71												
23	94	Low	8	62	2	69												
24	64	High	6	85	0	66												
28	74	Low	4	62	1	65												
21	95	Medium	4	55	2	71												
24	68	Medium	4	98	2	68												
19	63	High	7	56	2	64												
29	92	Low	4	84	2	71												
16	93	Medium	7	71	0	67												
31	67	Low	7	92	2	66												
20	94	High	8	89	1	71												
11	87	Medium	8	57	0	62												
21	81	Medium	8	73	3	67												
16	93	Low	8	51	3	67												
25	77	Medium	7	71	0	66												
16	68	Medium	7	85	1	64												
17	71	Medium	6	62	2	62												
9	80	High	7	91	1	65												
17	81	Low	5	53	0	63												
5	92	Medium	9	52	2	64												
10	92	High	6	51	1	65												
25	83	High	7	64	0	68												
25	91	High	7	73	2	72												
23	68	Medium	9	55	0	64												
14	62	Medium	4	100	1	62												
20	95	Low	7	100	3	69												
20	63	Low	8	76	3	64												
13	70	Medium	10	78	1	61												
29	88	High	7	96	2	72												
25	76	Low	6	88	1	66												
19	95	Low	10	58	2	69												
20	72	Medium	8	90	2	65												
21	60	Medium	9	62	2	64												
8	72	Medium	5	72	3	62												
19	83	Medium	8	77	1	66												
16	75	Low	5	86	0	62												
14	81	Medium	5	58	3	66												
18	95	High	8	54	2	70												
31	96	Medium	8	93	3	75												
24	71	High	6	91	3	67												
17	78	Medium	9	76	4	66												
23	82	High	6	83	2	71												
28	98	Medium	7	86	2	75												
26	100	High	7	74	1	72												
20	69	Medium	7	63	2	64												
16	89	Medium	9	74	1	65												
24	75	Medium	5	98	1	67												
22	60	Medium	6	92	2	63												
25	60	Low	5	73	1	62												
24	78	High	10	61	2	69												
26	80	Medium	7	94	1	70												
17	61	Medium	6	82	0	63												
28	87	Medium	7	70	2	71												
21	72	Low	8	56	0	63												
32	82	Medium	8	88	0	71												
16	72	Medium	6	66	0	63												
30	67	High	6	80	0	68												
21	76	Low	5	78	0	65												
16	69	High	7	85	0	66												
17	81	Medium	9	77	3	66												
18	68	High	6	82	0	66												
23	80	Low	8	54	0	65												
23	66	High	6	83	0	66												
17	87	Medium	5	60	4	67												
20	90	Medium	8	70	0	68												
33	64	Low	10	76	2	68												
30	79	Medium	8	84	3	69												
23	63	Low	6	87	1	64												
20	84	Medium	6	85	0	67												
21	71	Medium	10	55	1	63												
24	81	High	7	69	3	67												
14	81	High	6	64	2	64												
18	97	Medium	7	70	0	66												
10	82	Medium	7	82	2	65												
22	83	Medium	8	60	4	68												
24	76	High	9	75	0	66												
17	98	High	9	94	0	71												
29	91	High	7	87	2	74												
13	71	High	7	86	2	65												
11	94	High	8	92	0	68												
21	77	High	6	70	2	68												
26	93	Medium	8	88	1	72												
30	93	High	7	53	3	74												
17	68	High	8	53	0	61												
26	88	Low	10	67	0	65												
20	72	Low	8	60	0	63												
19	72	Medium	7	76	1	66												
25	72	High	6	59	2	66												
24	89	Medium	7	99	2	73												
11	69	Medium	5	93	0	63												
29	60	High	8	99	0	68												
28	89	Low	4	90	3	73												
16	67	High	8	98	0	63												
22	64	High	8	68	2	65												
23	70	High	7	75	0	66												
22	75	Low	6	62	0	65												
17	79	High	7	82	0	66												
16	62	Medium	4	89	3	65												
20	99	Medium	8	75	2	70												
27	89	Medium	7	65	1	70												
23	73	Medium	9	75	0	68												
18	73	High	8	53	1	64												
25	78	Medium	7	86	1	68												
3	85	High	8	73	2	62												
27	66	Medium	6	95	1	68												
10	68	Medium	6	96	1	61												
18	94	Medium	7	56	1	69												
13	70	Medium	7	100	3	65												
12	75	High	6	98	2	65												
27	95	High	7	81	3	72												
17	87	Medium	7	91	3	70												
22	74	High	10	51	1	65												
20	87	Medium	7	99	3	69												
23	61	Low	6	73	1	65												
20	89	Medium	7	95	3	69												
12	79	Medium	9	69	2	65												
26	93	High	9	89	0	72												
17	98	Low	10	71	0	70												
11	97	Medium	7	68	0	64												
17	96	Low	8	97	0	67												
29	80	Low	5	85	0	69												
25	74	Medium	6	92	4	70												
18	79	Medium	5	77	1	65												
18	88	High	8	96	1	69												
18	95	Medium	7	87	5	74												
32	68	Medium	7	54	1	66												
22	97	Medium	6	88	1	72												
23	93	Low	8	51	0	67												
26	99	High	4	91	2	75												
21	95	Low	7	67	3	70												
18	71	Low	7	80	1	63												
19	64	Medium	4	87	2	65												
20	64	High	8	82	3	64												
20	72	High	7	84	2	65												
24	85	Medium	8	95	2	70												
20	92	Low	10	69	0	67												
24	96	Medium	7	77	0	67												
20	85	High	8	59	1	68												
20	60	Medium	9	73	4	65												
8	67	Medium	8	58	2	61												
25	64	Low	6	82	2	63												
22	75	Low	5	66	2	80												
26	80	Medium	8	93	2	69												
3	62	Low	6	67	1	55												
33	74	Medium	9	64	2	70												
19	67	Medium	6	75	1	65												
27	86	Medium	7	59	1	68												
14	79	Low	5	60	3	64												
24	80	Medium	6	89	1	69												
14	77	High	6	75	1	89												
16	98	Low	6	60	1	67												
31	69	Medium	7	52	2	92												
19	81	High	6	73	1	67												
21	89	Medium	10	87	3	70												
25	82	Low	8	68	1	68												
23	97	Low	9	62	0	70												
21	75	Medium	7	70	3	67												
22	79	Medium	7	98	0	69												
34	64	Medium	6	71	0	67												
20	84	High	10	63	0	69												
21	72	High	7	78	0	63												
26	66	Medium	6	91	3	69												
27	82	High	6	51	1	66												
27	81	Medium	8	78	0	68												
24	63	Medium	9	92	4	69												
13	88	Low	9	61	4	66												
30	85	Medium	6	96	1	72												
13	68	Medium	6	79	1	62												
22	79	Medium	9	76	1	67												
15	89	Low	10	98	0	67												
20	81	High	7	56	1	67												
22	76	Low	9	87	2	65												
22	73	Low	5	91	1	67												
23	84	Low	6	74	3	66												
30	98	Low	5	50	0	70												
23	87	High	8	76	2	71												
19	63	High	7	58	2	64												
26	78	High	7	78	4	69												
27	96	High	9	87	0	72												
13	64	Low	6	77	0	60												
24	100	Low	7	82	1	71												
24	98	Medium	5	55	0	71												
18	63	High	9	55	2	66												
28	97	Medium	9	93	3	74												
19	75	Medium	8	52	0	64												
21	94	Low	7	64	2	68												
19	77	Low	6	97	4	66												
20	78	Medium	5	73	1	65												
13	85	High	7	84	0	64												
11	91	Low	8	61	1	65												
30	61	High	10	64	4	69												
15	84	High	6	75	2	68												
14	67	High	7	82	1	62												
7	74	High	9	98	3	63												
16	74	Low	9	79	0	65												
12	79	High	6	55	1	62												
30	73	Medium	7	68	0	67												
26	64	High	6	62	1	64												
16	66	Low	6	63	2	61												
34	61	Medium	9	75	1	65												
26	79	Low	7	66	1	67												
18	98	Low	7	64	0	70												
5	65	High	7	98	1	59												
34	98	High	7	79	1	75												
12	89	Medium	7	63	4	67												
10	85	Medium	6	64	1	64												
26	86	High	9	91	3	72												
35	93	Medium	6	94	5	76												
28	64	High	6	84	2	69												
23	80	Medium	7	72	0	65												
24	88	Medium	10	88	2	72												
25	83	High	6	97	0	69												
25	93	Medium	8	58	0	71												
22	63	Medium	7	93	0	64												
21	88	High	7	92	2	74												
20	81	High	8	68	0	68												
15	75	High	4	65	1	66												
18	74	Medium	6	78	0	65												
10	85	Medium	8	64	2	67												
19	96	Medium	7	57	0	69												
14	80	Low	7	98	2	66												
13	93	High	8	75	1	69												
21	76	Medium	6	74	2	67												
28	64	Medium	9	56	1	64												
26	62	High	8	75	2	67												
11	62	High	7	87	3	61												
14	75	Low	8	62	0	61												
26	73	Medium	9	68	4	68												
14	89	High	6	59	2	66												
19	90	Medium	8	68	0	66												
23	62	High	10	93	2	68												
14	69	High	8	62	1	63												
21	71	Medium	7	51	3	66												
12	82	Medium	10	77	0	66												
16	66	Medium	7	79	0	66												
22	65	Medium	9	66	2	65												
10	98	Medium	6	82	2	69												
23	92	High	9	52	1	71												
20	67	High	6	67	1	66												
23	76	Medium	7	57	1	66												
21	74	High	6	61	0	65												
28	92	Medium	10	69	4	71												
21	80	High	7	75	3	69												
17	65	Low	5	55	2	61												
21	90	Medium	7	55	1	70												
23	76	Medium	8	84	2	70												
20	71	Medium	7	70	0	65												
20	75	Low	6	59	2	64												
16	80	High	9	62	0	68												
16	74	Medium	9	86	1	63												
12	70	High	5	53	2	63												
30	76	Medium	6	75	3	71												
13	61	Low	7	68	1	58												
16	91	Medium	6	91	1	68												
16	67	High	8	90	1	65												
25	62	Medium	10	84	2	65												
18	86	Low	6	69	2	68												
27	91	High	9	82	0	69												
16	93	Medium	5	82	5	71												
22	80	Medium	8	67	2	65												
15	68	Medium	6	94	0	64												
33	89	Medium	8	99	2	75												
13	88	Medium	4	66	1	67												
22	70	High	5	90	1	68												
24	96	High	8	75	1	72												
22	64	Medium	6	73	3	67												
19	99	Medium	7	69	1	72												
19	94	Low	10	65	1	69												
20	88	Low	7	96	0	68												
19	98	Medium	8	87	0	70												
26	89	Medium	6	72	1	69												
33	68	Low	5	88	2	67												
17	78	Medium	7	86	0	63												
12	63	High	5	63	4	61												
19	76	High	6	59	1	66												
35	90	Medium	7	92	0	73												
15	75	High	7	91	0	67												
30	73	Medium	8	100	2	72												
30	84	Medium	8	51	1	69												
17	95	High	5	77	2	69												
23	62	High	6	85	1	63												
30	75	Medium	4	79	0	67												
18	66	Medium	6	86	0	63												
19	88	High	8	57	1	66												
17	64	Medium	9	50	2	62												
14	87	Medium	7	55	2	68												
16	71	High	9	69	1	65												
13	68	Low	8	66	0	59												
20	97	Medium	7	94	1	72												
15	61	High	6	54	0	63												
21	78	Medium	4	72	1	68												
11	61	Medium	9	98	0	61												
22	79	Medium	7	75	1	65												
25	80	Medium	9	57	2	68												
8	73	Medium	6	65	1	61												
22	65	Low	10	81	1	63												
27	75	Medium	7	51	1	67												
13	87	Medium	6	98	0	66												
30	91	Medium	7	78	3	75												
23	81	Medium	7	85	0	68												
16	84	Medium	7	75	2	65												
20	68	Medium	6	98	0	64												
23	71	Medium	4	79	2	67												
20	66	Medium	6	83	2	64												
23	70	High	9	93	0	67												
14	69	High	6	93	2	63												
21	81	Medium	4	51	0	67												
12	83	Low	5	64	1	65												
19	98	Low	7	62	1	70												
15	68	Medium	6	50	2	62												
16	86	Medium	7	94	2	69												
27	93	Low	6	66	2	70												
27	82	Medium	9	67	1	68												
24	70	High	8	55	4	68												
13	71	Medium	10	99	0	64												
18	62	High	6	91	4	63												
27	72	Low	7	79	2	68												
21	90	Low	9	89	1	67												
34	62	Low	8	89	3	68												
22	69	High	6	83	1	66												
21	88	Medium	8	59	2	67												
18	91	Medium	8	86	1	69												
21	78	Medium	4	78	2	68												
19	88	High	6	86	4	70												
24	76	Medium	7	77	3	68												
26	66	Medium	9	98	2	66												
15	76	High	8	81	2	67												
12	83	Medium	6	79	1	65												
9	98	Medium	6	92	0	67												
23	63	Medium	8	69	2	63												
13	80	High	4	66	2	64												
7	73	Medium	6	75	3	64												
22	80	Low	9	79	0	66												
35	61	High	7	61	2	68												
20	73	Medium	6	84	0	67												
25	93	High	5	90	1	72												
20	82	Medium	8	79	1	67												
19	78	Medium	7	76	2	66												
26	71	Low	7	65	1	66												
18	72	High	8	95	1	67												
22	75	Medium	7	88	0	65												
22	93	Medium	7	74	2	70												
16	99	Medium	5	83	0	69												
26	78	High	5	67	1	69												
19	76	Medium	8	53	1	66												
15	94	Low	8	60	2	66												
23	77	High	8	54	1	67												
15	82	High	6	75	1	67												
20	69	Medium	8	81	2	67												
20	90	High	6	69	2	72												
27	81	Low	9	77	1	68												
23	92	Low	6	54	3	70												
20	91	Medium	6	88	1	69												
25	69	Low	7	52	1	65												
28	89	High	8	82	0	72												
23	92	High	7	72	0	69												
20	74	Medium	7	59	5	68												
12	67	High	6	76	1	62												
14	60	Low	7	89	2	60												
18	78	Medium	7	71	3	67												
16	74	High	6	68	2	67												
19	82	High	7	57	1	67												
20	68	Medium	7	80	0	63												
23	94	Low	10	91	1	71												
20	70	Medium	6	78	0	66												
23	69	Medium	6	58	0	65												
20	79	Medium	7	83	2	69												
8	80	Low	6	52	2	63												
14	69	Medium	5	92	3	64												
19	71	High	5	96	2	67												
13	67	Medium	6	80	1	62												
24	89	Low	6	94	2	68												
29	91	High	5	54	2	71												
27	78	Medium	7	61	1	66												
19	89	High	4	66	1	69												
29	89	Low	8	89	1	71												
21	66	Medium	6	74	2	66												
18	99	Medium	6	67	5	72												
16	93	Medium	8	58	1	70												
18	68	Medium	8	91	1	65												
18	67	Medium	6	51	0	64												
21	65	Medium	8	67	1	63												
21	66	Medium	9	62	3	63												
20	90	Medium	5	56	3	66												
23	79	High	8	59	1	68												
27	91	High	5	75	1	74												
26	90	High	9	71	0	71												
11	84	Medium	6	76	3	67												
5	87	Low	6	86	2	66												
26	61	Medium	9	95	0	67												
12	72	High	8	56	3	62												
19	86	Low	6	54	1	68												
13	60	Medium	7	66	2	62												
9	61	Medium	6	77	1	82												
23	94	Medium	5	55	2	70												
25	87	Medium	7	86	4	72												
17	71	High	6	78	0	64												
4	88	High	6	87	1	66												
17	92	Medium	9	68	0	68												
22	72	Medium	6	70	1	64												
11	61	Medium	7	90	0	61												
21	97	Medium	9	63	0	69												
20	74	High	7	69	2	68												
23	64	Medium	6	51	1	64												
21	80	High	7	78	1	67												
14	91	Medium	8	93	0	67												
27	69	Medium	8	51	1	65												
19	71	Medium	10	81	2	68												
20	70	High	6	92	2	67												
14	100	Medium	7	75	1	67												
17	68	High	5	66	1	64												
15	83	High	8	100	0	70												
19	97	High	7	53	2	69												
30	66	High	7	61	0	66												
12	99	Medium	6	94	2	69												
10	98	Medium	6	65	1	66												
29	95	Medium	7	91	1	73												
19	69	Medium	6	67	4	66												
16	85	High	7	91	0	69												
26	90	Low	7	84	1	70												
16	99	Medium	5	73	1	71												
31	67	High	5	76	2	70												
24	91	Low	6	59	0	69												
17	74	Medium	9	56	1	63												
33	67	Medium	6	86	4	71												
16	77	High	7	92	2	67												
24	92	Medium	5	86	3	73												
22	79	High	6	96	1	68												
28	82	Medium	5	95	0	69												
29	100	High	8	89	2	76												
20	76	Medium	5	95	4	68												
15	85	Medium	8	58	1	65												
23	75	Medium	8	87	0	66												
16	76	Low	7	88	0	65												
32	88	Medium	8	58	3	69												
21	98	Medium	10	95	0	71												
18	82	Low	8	50	1	66												
21	91	High	5	72	3	69												
12	64	Medium	9	51	2	59												
14	68	High	7	76	2	65												
27	80	High	10	71	4	72												
16	61	Low	6	81	0	60												
14	70	Medium	9	88	0	64												
23	81	Medium	7	88	1	69												
27	61	High	10	86	3	70												
24	71	High	7	55	2	67												
26	81	Medium	10	71	0	67												
15	83	Low	8	91	0	64												
11	97	Medium	8	83	4	68												
29	86	High	10	84	1	72												
18	77	High	6	61	1	65												
18	97	High	8	66	2	70												
28	91	Medium	7	98	2	75												
23	68	Low	7	92	3	65												
23	65	High	7	58	1	63												
33	87	High	8	77	0	71												
16	82	Low	8	75	2	66												
26	92	Low	6	72	1	69												
20	90	Medium	7	74	0	68												
22	85	High	4	82	1	71												
29	99	Medium	8	98	5	77												
23	81	Low	10	94	1	70												
23	65	Medium	7	94	1	66												
26	93	Medium	5	85	1	73												
18	70	Medium	8	51	1	62												
15	91	Medium	6	72	0	65												
14	98	High	7	76	0	71												
8	88	Medium	8	92	1	66												
32	84	Medium	8	96	1	72												
13	78	Medium	9	73	0	64												
19	75	Medium	7	65	0	63												
18	74	Medium	7	67	0	63												
22	85	Medium	8	79	5	72												
25	90	Medium	7	64	2	71												
25	87	High	6	96	3	72												
17	68	High	8	71	1	65												
19	80	Medium	5	100	0	67												
22	92	High	7	55	1	68												
19	79	High	5	59	2	66												
30	81	High	6	76	0	72												
23	91	Medium	6	93	3	71												
24	86	High	6	68	3	70												
24	76	Medium	9	92	1	68												
27	96	High	9	71	0	72												
21	67	Medium	9	93	1	66												
12	100	Medium	7	64	1	69												
22	65	Medium	6	74	2	65												
16	61	High	8	64	1	62												
17	96	High	7	61	1	69												
24	70	Medium	7	71	1	65												
27	89	Low	4	67	2	69												
20	92	High	8	89	1	69												
22	94	Medium	8	87	2	73												
30	100	Medium	7	68	2	75												
21	72	High	8	100	3	70												
36	88	High	8	99	0	74												
23	65	Medium	6	96	0	65												
9	76	Medium	7	79	1	63												
25	94	High	5	71	4	74												
22	75	High	9	66	0	67												
28	84	Medium	8	51	3	71												
24	80	Low	6	82	1	68												
19	86	Medium	8	78	2	69												
13	99	High	7	81	0	71												
19	62	Medium	6	79	7	66												
15	83	Medium	7	57	0	65												
17	95	Low	8	85	1	66												
24	79	Low	8	68	2	65												
30	63	Medium	10	76	1	67												
22	82	Medium	7	68	2	70												
13	73	Medium	7	51	1	63												
23	66	Low	8	94	1	64												
27	94	Medium	7	57	1	71												
16	81	High	6	79	2	68												
19	97	Low	6	94	2	72												
20	92	High	4	61	2	71												
15	88	Low	8	71	1	64												
24	60	Low	5	69	1	64												
19	77	Medium	6	54	3	66												
23	68	High	7	71	3	68												
15	96	Medium	7	74	2	68												
17	67	Medium	10	51	3	65												
24	71	Medium	5	74	1	67												
18	81	Low	10	55	3	64												
30	71	Medium	9	95	1	70												
18	68	High	8	83	1	65												
21	84	Low	9	53	2	65												
26	64	Medium	8	91	1	68												
11	62	High	4	68	2	61												
9	75	Low	8	61	3	63												
11	89	Medium	5	63	0	65												
28	82	Medium	6	80	1	69												
17	77	Medium	7	54	1	64												
35	83	Low	6	53	1	69												
17	75	Medium	8	81	3	67												
21	97	High	7	99	1	74												
29	62	Medium	8	74	1	66												
32	87	High	7	71	0	72												
32	96	Low	7	97	1	73												
27	92	Medium	6	62	0	73												
26	67	Medium	5	62	0	63												
24	72	Medium	7	95	3	69												
25	89	Low	6	82	2	71												
17	63	Medium	9	53	1	63												
15	92	High	5	84	0	69												
20	89	High	10	91	3	72												
19	89	Low	7	64	2	68												
17	64	High	7	69	1	62												
24	89	High	6	60	1	68												
26	87	Medium	8	82	1	71												
21	93	Low	7	83	1	67												
29	62	High	7	53	0	65												
13	61	Medium	8	84	1	60												
19	75	High	8	83	2	68												
16	66	Medium	9	52	1	59												
9	82	Medium	8	78	0	64												
20	97	Medium	6	81	2	71												
19	76	High	4	72	2	68												
29	94	Medium	7	95	2	70												
24	60	Low	7	66	1	62												
14	67	Medium	10	53	2	62												
31	61	Medium	7	84	2	68												
27	73	Medium	8	80	3	68												
23	96	Medium	8	99	3	74												
19	64	Medium	8	62	0	61												
14	84	Medium	8	70	1	67												
18	78	Low	6	73	1	65												
27	98	Medium	6	93	5	101												
31	65	Low	7	71	1	65												
29	68	Medium	4	89	0	67												
17	61	High	7	58	2	61												
13	77	Medium	6	70	3	64												
21	71	Low	7	58	1	64												
9	95	Medium	7	97	1	67												
22	84	Medium	5	59	0	69												
19	85	Medium	9	71	1	69												
17	81	Medium	7	54	4	67												
10	64	High	8	96	1	62												
23	78	High	7	81	0	66												
17	100	Medium	8	98	0	72												
13	93	Medium	5	52	2	67												
3	96	High	9	59	2	66												
20	93	Low	8	69	2	67												
31	64	Low	7	81	1	67												
30	69	Medium	7	66	0	68												
17	60	Medium	9	86	0	63												
16	72	High	6	58	1	62												
23	64	Medium	5	80	3	65												
14	79	Medium	6	70	1	65												
22	87	High	7	75	0	70												
25	95	Medium	7	78	7	73												
27	90	Medium	9	53	1	73												
19	98	Low	6	96	2	68												
19	62	Low	6	89	3	63												
15	60	Low	5	72	2	62												
15	86	Medium	8	77	0	69												
19	72	High	5	52	2	66												
22	70	High	8	75	0	68												
25	73	Medium	6	71	0	67												
15	71	High	6	69	2	65												
29	80	Medium	10	91	1	70												
18	78	Medium	9	59	0	64												
20	80	Low	7	59	2	65												
16	87	Medium	5	76	1	67												
5	75	Low	10	84	0	62												
25	70	Medium	7	51	3	66												
24	67	High	7	77	0	68												
18	74	Low	8	65	0	64												
20	90	Low	4	88	3	69												
23	90	Medium	6	73	1	69												
11	87	Medium	7	92	1	67												
17	69	Medium	7	70	0	61												
25	84	Medium	5	91	1	70												
12	83	Medium	7	86	1	65												
22	79	Medium	7	91	0	66												
12	82	Medium	10	91	3	66												
23	80	High	9	74	4	69												
20	83	Medium	7	68	1	67												
10	89	High	7	88	2	71												
27	64	High	9	68	1	68												
16	90	Medium	7	54	2	67												
15	65	Medium	5	93	2	63												
21	63	Medium	10	70	1	64												
27	99	Medium	6	57	3	73												
14	98	Medium	10	82	1	69												
20	62	Low	8	94	1	65												
23	78	Low	6	93	0	70												
24	67	Medium	4	78	1	67												
21	79	Low	8	54	3	67												
18	93	High	5	85	0	70												
15	98	Low	8	80	2	69												
21	85	Medium	10	61	2	68												
14	74	High	5	95	1	66												
2	84	High	8	54	3	62												
23	72	Medium	6	69	2	67												
25	96	Low	9	55	2	71												
6	95	Medium	7	96	4	68												
14	82	Medium	7	52	3	66												
24	73	Medium	9	71	0	64												
32	72	Medium	8	93	1	71												
20	61	Low	6	63	1	61												
16	93	High	10	55	2	67												
19	78	Low	5	56	3	65												
28	73	Medium	7	70	0	66												
16	79	High	6	71	2	68												
15	93	Medium	5	86	0	66												
17	65	Medium	5	62	2	63												
14	94	Low	7	85	1	66												
21	96	High	8	100	1	73												
30	98	Low	9	93	1	88												
22	76	Medium	9	82	0	67												
18	69	High	7	97	2	69												
18	75	Low	6	100	2	67												
11	73	High	9	79	1	64												
25	67	High	6	64	0	64												
20	84	Medium	5	96	1	65												
19	79	Medium	8	92	1	68												
39	95	High	9	54	2	77												
22	61	Medium	6	97	0	63												
15	86	High	10	68	0	69												
17	91	Medium	8	66	3	69												
27	90	Low	8	67	2	70												
21	95	Medium	6	66	1	73												
11	89	Low	9	76	1	66												
26	97	Low	5	79	2	71												
16	73	Low	6	71	2	66												
31	80	Medium	6	71	2	71												
26	61	Low	5	87	3	66												
17	60	High	8	50	0	63												
28	70	High	8	97	5	70												
20	64	Medium	8	86	1	66												
25	70	Medium	7	85	1	66												
23	67	Medium	8	71	2	66												
15	61	Medium	7	98	1	62												
16	96	Medium	6	50	1	69												
26	60	High	6	54	1	63												
18	89	Low	4	90	1	68												
18	66	High	9	87	1	64												
14	96	High	9	64	2	69												
23	96	Medium	10	80	3	71												
32	86	Medium	6	77	2	71												
14	87	Medium	6	76	1	66												
20	60	Medium	4	80	2	63												
28	99	Medium	8	100	0	72												
20	95	Medium	8	99	1	70												
23	96	Low	9	99	0	71												
14	86	Low	6	77	3	65												
23	74	Low	8	66	0	65												
19	96	Medium	6	78	1	67												
26	72	Medium	9	81	0	68												
27	83	Medium	8	66	3	70												
36	64	Medium	5	82	2	70												
23	97	High	7	81	2	72												
22	66	High	4	95	1	65												
21	69	Medium	5	62	2	65												
18	82	Medium	5	85	3	71												
22	91	High	6	73	3	74												
18	85	Medium	7	56	0	64												
21	69	Medium	7	66	1	64												
28	60	High	7	53	3	65												
14	90	Medium	7	66	1	67												
27	99	Medium	7	53	2	73												
28	92	High	5	96	1	72												
19	78	Medium	7	55	0	65												
7	96	High	9	91	0	67												
16	76	Medium	7	95	2	66												
28	81	Medium	8	73	0	70												
20	79	Medium	8	53	2	66												
14	78	High	8	80	1	66												
17	91	Low	7	62	3	68												
25	81	Medium	8	59	3	68												
23	73	High	8	78	0	67												
19	70	Medium	8	68	1	65												
18	62	Low	8	87	4	64												
18	83	Medium	5	80	1	70												
14	69	Medium	5	91	0	63												
30	66	High	6	53	2	65												
18	86	Medium	9	62	4	67												
27	87	Medium	7	78	3	71												
29	90	Medium	7	94	1	73												
26	80	Medium	4	91	1	67												
17	96	Medium	7	84	2	72												
22	97	Medium	7	79	2	71												
20	92	High	4	82	0	72												
15	85	High	7	61	1	68												
22	72	Low	5	80	2	65												
13	99	Medium	6	75	1	68												
27	71	Low	8	69	1	67												
17	68	Medium	7	94	1	66												
21	78	Low	6	91	0	64												
22	62	Medium	6	54	3	65												
18	99	Medium	6	99	0	69												
24	84	Medium	7	61	2	68												
17	82	High	5	61	3	69												
25	86	Medium	9	97	1	70												
12	80	Medium	5	72	1	65												
21	61	Medium	4	90	2	63												
32	84	Medium	8	64	1	71												
14	89	High	6	94	0	68												
16	77	Medium	7	92	5	70												
23	90	High	8	76	2	72												
21	69	Medium	6	85	3	64												
22	69	Medium	7	98	0	64												
23	66	Low	8	73	2	66												
24	75	High	9	75	0	69												
27	94	Low	6	86	2	71												
22	93	High	6	69	0	69												
19	75	Medium	8	98	1	67												
24	84	Medium	7	52	0	66												
31	89	Medium	7	70	2	71												
19	70	Low	9	86	2	63												
14	67	Low	4	71	0	62												
27	99	High	5	63	0	73												
19	85	Medium	4	71	1	66												
7	99	Medium	9	94	3	72												
25	74	Low	8	77	1	67												
17	88	Low	5	67	0	65												
19	69	Medium	7	84	2	66												
22	70	Medium	7	81	3	68												
21	80	High	4	78	1	69												
24	73	Medium	7	70	0	68												
17	67	High	5	54	0	61												
23	71	Low	8	81	3	68												
18	61	Low	5	71	3	64												
24	88	Low	7	71	1	67												
24	80	High	9	62	3	68												
14	64	High	8	62	1	61												
27	67	Low	8	89	1	66												
17	64	Low	7	74	2	64												
25	85	Medium	5	55	3	67												
22	64	High	6	52	2	64												
31	90	High	7	61	0	72												
19	61	Medium	7	74	2	62												
18	70	Medium	5	81	2	63												
20	96	High	8	57	1	70												
18	89	Medium	5	72	3	69												
25	63	Medium	9	54	3	64												
10	93	Medium	7	52	2	66												
14	80	Medium	8	93	3	67												
14	94	High	8	83	4	71												
26	84	High	10	89	0	70												
30	87	Medium	7	59	2	69												
19	100	Low	6	66	0	68												
19	69	High	6	72	1	64												
20	85	Medium	9	83	3	70												
27	78	Low	5	77	0	69												
14	62	Medium	6	78	0	63												
21	61	Medium	7	58	1	60												
26	65	Low	7	74	2	65												
23	86	Medium	8	91	0	67												
21	83	Low	5	75	1	66												
26	82	High	7	60	3	68												
4	61	High	7	71	0	58												
24	79	High	5	88	0	67												
16	97	Medium	8	57	0	68												
9	76	Medium	7	79	1	62												
23	85	High	7	98	2	69												
28	91	High	6	69	1	73												
19	91	Low	6	52	2	66												
26	81	Medium	5	82	0	67												
30	94	Medium	8	52	1	71												
28	76	Medium	9	60	1	66												
30	96	Medium	10	52	0	74												
24	70	High	8	59	2	67												
20	71	Medium	6	93	2	68												
10	62	Medium	6	87	2	61												
19	92	High	8	67	2	69												
15	77	Medium	7	95	4	65												
33	69	High	7	83	2	71												
19	69	Low	7	72	1	61												
21	96	High	9	53	0	70												
23	93	Low	6	87	2	70												
20	82	High	9	69	1	69												
30	85	Low	7	65	2	70												
16	79	Medium	6	64	4	67												
21	76	Medium	6	50	2	63												
16	97	Medium	7	87	1	70												
12	65	Medium	8	57	1	61												
16	77	High	6	76	1	64												
20	74	Medium	8	51	2	65												
17	80	Medium	6	81	1	65												
16	78	Low	7	68	3	66												
12	81	High	5	82	1	66												
20	66	Medium	8	54	2	63												
11	81	High	7	63	3	66												
25	70	Medium	9	56	0	64												
20	67	Low	8	82	3	65												
11	63	Medium	7	55	3	62												
18	91	High	9	81	4	71												
15	77	Medium	8	57	1	63												
22	85	High	9	97	0	70												
28	89	Low	6	71	2	70												
9	87	Medium	8	56	1	65												
21	79	High	8	52	1	66												
19	76	Low	5	66	2	66												
24	75	Low	9	95	0	68												
21	86	High	5	57	1	68												
15	80	Medium	5	90	4	69												
18	94	Medium	4	71	3	71												
15	95	Medium	8	90	2	69												
26	67	High	5	94	0	68												
20	65	High	6	100	2	67												
31	85	Medium	8	53	2	72												
20	72	Medium	7	90	2	68												
16	61	Medium	6	53	0	60												
11	96	High	5	66	2	68												
9	69	Medium	7	82	1	65												
10	97	High	8	72	0	67												
22	89	Medium	8	78	4	70												
23	91	Low	10	98	0	70												
11	68	Medium	6	91	3	61												
25	69	Low	5	68	2	68												
17	81	High	7	80	1	67												
21	67	High	7	52	3	62												
30	72	Low	7	73	0	66												
25	73	Medium	6	80	3	69												
18	66	High	4	86	2	66												
15	68	Medium	5	95	0	64												
7	92	Medium	8	64	1	66												
16	67	Medium	7	95	2	63												
19	61	High	8	83	1	62												
14	85	Medium	8	54	1	65												
19	99	High	8	69	0	68												
20	73	High	8	74	1	65												
19	65	High	7	68	1	63												
16	83	High	7	56	3	68												
21	96	High	4	78	2	72												
23	91	Low	6	57	2	69												
13	85	Medium	6	96	1	66												
28	73	Low	7	93	2	68												
19	82	Low	6	74	1	64												
20	64	Low	8	53	1	61												
24	87	Medium	6	78	0	67												
21	89	Low	9	80	0	68												
26	99	Medium	6	94	2	74												
22	70	High	6	53	3	67												
16	61	High	6	85	2	64												
22	82	High	6	78	3	69												
13	88	Medium	9	59	0	63												
21	92	Medium	7	56	0	67												
20	68	Medium	7	85	1	65												
19	70	Medium	6	67	5	67												
19	81	Medium	7	100	1	68												
9	73	Low	7	95	3	62												
17	94	Medium	7	78	1	70												
21	79	High	7	82	1	67												
21	92	High	9	58	2	89												
14	83	Medium	7	95	1	65												
28	91	Medium	5	73	2	69												
15	73	Medium	7	76	2	64												
26	93	Low	6	94	6	74												
23	71	High	8	50	0	64												
16	82	High	7	75	0	64												
31	69	Low	9	81	2	67												
13	79	Low	6	58	2	63												
26	73	Medium	7	53	3	68												
26	71	Medium	5	77	0	66												
16	99	High	7	77	0	68												
28	66	High	5	67	1	68												
18	91	Medium	7	94	3	69												
22	99	Low	7	65	3	71												
22	61	High	7	76	1	65												
19	88	Medium	8	59	2	67												
25	70	Medium	7	51	1	65												
25	62	Medium	5	71	0	65												
10	76	Low	6	76	1	80												
28	97	Medium	7	88	2	74												
10	60	Medium	7	72	3	59												
26	84	Medium	7	64	2	69												
27	80	Low	9	80	0	66												
13	95	Medium	7	69	1	66												
18	63	High	8	62	2	65												
13	87	Medium	4	96	3	67												
19	87	High	8	77	3	69												
18	87	Low	10	60	2	68												
25	98	Medium	9	84	1	73												
28	93	High	6	90	1	71												
28	62	Medium	10	88	0	67												
17	79	Medium	7	80	1	67												
19	76	Low	7	76	0	66												
10	72	Low	7	89	3	63												
15	78	High	7	85	1	65												
26	75	Low	4	79	2	67												
30	77	Low	8	83	1	69												
13	99	Medium	7	58	1	67												
16	64	Medium	7	51	4	66												
20	97	High	7	97	2	74												
22	79	Medium	6	97	2	69												
15	85	Medium	7	89	0	66												
23	93	Low	9	69	0	69												
17	74	Medium	8	58	1	63												
20	77	Low	7	68	0	65												
23	76	Medium	7	86	1	64												
20	75	Medium	7	67	0	64												
17	97	High	6	90	2	69												
19	93	High	7	84	5	73												
19	64	Medium	8	81	1	62												
18	64	Low	7	97	2	62												
18	77	Medium	6	95	0	68												
30	64	Medium	7	86	1	66												
23	85	High	8	60	2	68												
18	66	High	5	97	4	66												
24	81	Medium	6	61	3	69												
18	60	Medium	5	69	0	62												
27	73	Medium	7	91	2	68												
22	87	Medium	8	60	2	67												
19	79	Medium	9	82	1	65												
23	99	Medium	9	73	0	69												
11	95	Medium	6	81	2	67												
13	74	Low	7	98	0	64												
13	62	Medium	6	90	3	62												
21	94	Medium	9	65	5	71												
30	96	High	9	53	0	72												
33	93	High	7	98	0	74												
24	65	High	6	79	1	66												
23	100	Low	4	59	2	72												
9	70	Medium	5	81	1	65												
17	89	Medium	4	52	0	67												
15	96	High	5	59	2	70												
16	69	Medium	10	82	0	62												
19	96	Low	5	70	0	66												
17	72	Medium	5	66	2	65												
8	99	High	6	83	2	70												
24	71	High	10	93	2	69												
14	98	Medium	7	84	3	70												
21	62	High	8	73	2	66												
32	88	Low	7	83	1	73												
14	81	Medium	4	85	3	69												
5	79	High	9	89	3	66												
18	69	Medium	8	65	4	65												
27	88	Low	7	56	2	70												
32	68	High	10	84	0	70												
13	82	Medium	6	56	2	67												
23	70	High	7	73	1	68												
17	98	Low	6	62	1	68												
19	61	Medium	9	67	0	61												
36	68	Medium	8	74	2	70												
11	70	High	7	95	0	65												
22	77	Medium	5	84	3	66												
23	69	Medium	6	59	3	67												
27	80	Low	5	94	3	69												
21	95	High	9	75	1	69												
22	88	Medium	5	60	1	67												
18	83	Low	9	76	0	66												
22	64	Medium	9	60	1	63												
18	88	Medium	6	68	0	67												
24	67	Low	6	90	0	64												
18	91	Low	6	83	2	68												
22	70	High	8	74	2	65												
20	77	Low	9	61	2	65												
27	74	Low	9	64	1	65												
20	94	Medium	6	99	0	70												
9	65	High	9	67	1	62												
28	83	Low	9	81	0	68												
15	66	High	7	75	0	62												
16	88	High	7	51	0	68												
16	96	Medium	9	97	0	72												
28	77	Medium	9	54	1	70												
7	80	Medium	9	83	3	62												
39	97	High	10	91	2	79												
26	81	High	8	87	2	73												
21	80	High	7	90	1	68												
20	83	Medium	9	87	0	68												
22	88	Medium	10	72	2	69												
23	64	Low	6	95	1	63												
24	93	Medium	7	96	5	74												
23	77	Medium	5	72	2	69												
21	63	Low	8	74	0	61												
19	91	Low	8	74	4	69												
19	75	Low	6	64	2	64												
19	64	Medium	9	56	2	63												
27	85	High	6	63	1	68												
24	95	Medium	6	92	2	72												
2	96	High	9	77	3	65												
24	98	Low	6	93	2	69												
21	95	Low	5	87	2	70												
20	60	Medium	8	67	1	63												
18	75	Medium	7	59	0	62												
27	93	Medium	9	78	1	72												
26	75	High	8	97	1	69												
15	84	Medium	4	92	2	66												
22	84	Medium	9	88	2	71												
14	75	Low	10	88	2	62												
12	96	Low	9	76	2	68												
16	80	Low	9	58	0	63												
25	79	Medium	7	64	0	66												
26	100	Medium	6	79	1	75												
23	80	Low	7	66	1	69												
24	67	Medium	8	89	2	68												
23	81	Medium	8	69	5	69												
16	93	Low	6	56	2	67												
23	91	Medium	6	89	3	73												
25	92	High	5	85	1	71												
25	88	Medium	8	63	2	71												
27	70	Medium	6	99	2	68												
24	94	Low	7	70	1	70												
22	96	High	10	84	1	71												
26	68	High	8	96	1	69												
20	65	Medium	7	58	3	63												
15	99	Medium	8	94	2	71												
19	95	Medium	9	85	2	69												
16	96	Medium	5	58	2	71												
16	95	Low	6	83	2	68												
19	82	Medium	7	94	1	68												
15	86	Low	6	90	0	66												
18	82	Medium	7	88	3	67												
9	62	High	5	58	0	59												
21	90	Medium	8	60	1	66												
20	80	Low	6	77	0	64												
15	86	Medium	7	79	1	64												
24	80	High	7	97	0	69												
26	80	Low	8	73	1	69												
10	67	Medium	4	65	3	61												
15	71	High	8	60	0	62												
15	66	Medium	7	53	2	61												
14	68	Medium	8	53	1	63												
25	99	Low	5	79	2	71												
19	66	High	8	59	1	65												
18	71	High	9	93	1	68												
8	84	High	7	80	1	67												
24	84	High	6	93	2	70												
13	66	Medium	6	71	3	64												
20	92	High	8	80	0	71												
22	91	Medium	8	76	2	71												
28	69	High	8	99	0	67												
12	72	Low	7	90	0	63												
2	98	High	7	80	2	66												
21	93	Low	7	80	3	70												
31	88	Low	6	62	2	70												
27	63	Medium	8	87	3	67												
21	77	Medium	7	99	3	69												
17	82	Low	9	56	3	66												
25	67	High	9	82	1	67												
14	78	Medium	7	76	0	65												
23	84	High	8	93	1	72												
23	73	High	6	50	1	68												
26	91	Medium	7	57	3	72												
37	94	Medium	8	52	1	76												
22	73	Low	5	58	4	65												
17	94	Medium	8	85	1	68												
20	64	Medium	6	57	3	65												
9	94	Medium	6	81	0	66												
16	66	Medium	6	93	7	63												
18	63	Low	7	52	2	63												
17	86	Medium	5	51	2	66												
21	79	Low	8	99	2	69												
15	96	High	7	84	3	72												
27	75	Low	10	57	3	66												
20	71	Medium	7	65	2	64												
20	80	Low	8	99	0	67												
18	78	High	6	61	1	67												
21	74	Medium	5	88	1	66												
25	88	Low	8	62	2	68												
15	90	Medium	5	70	0	65												
16	94	High	8	94	2	71												
18	99	High	10	51	1	71												
12	71	Medium	8	65	1	62												
15	89	High	8	74	2	69												
17	76	Low	7	81	4	65												
25	87	Low	6	51	3	70												
22	79	Medium	7	71	2	66												
21	100	Medium	6	67	0	70												
25	89	High	5	51	2	70												
19	98	High	7	68	1	69												
22	93	Low	9	97	2	71												
19	96	Medium	5	64	1	69												
22	93	Medium	9	79	2	73												
17	78	Medium	9	65	1	65												
5	70	High	8	55	3	62												
19	75	High	8	64	2	67												
29	61	Medium	7	74	1	65												
26	81	Medium	7	65	1	65												
26	80	High	6	81	0	70												
27	81	Medium	7	97	1	70												
21	99	High	7	53	0	71												
21	96	Low	10	86	1	71												
16	66	Medium	8	50	1	62												
18	75	Low	7	50	4	65												
24	77	Medium	7	57	3	84												
27	74	Medium	6	74	2	68												
19	92	Medium	6	52	3	70												
17	81	High	8	86	1	68												
20	83	Medium	6	51	2	67												
24	94	Medium	6	75	1	69												
11	92	High	6	84	2	68												
6	65	High	6	62	3	59												
17	89	Low	9	79	0	67												
13	77	High	7	63	0	63												
17	72	High	7	61	1	65												
19	62	Medium	7	91	1	63												
17	79	Medium	7	67	1	64												
29	74	Medium	6	91	3	72												
22	70	Medium	5	61	1	63												
22	88	Medium	9	68	2	66												
24	91	Medium	8	55	0	67												
13	70	High	8	75	1	66												
26	62	Medium	8	69	2	66												
20	94	Medium	10	50	1	68												
24	60	High	6	73	1	66												
14	97	Medium	5	54	3	68												
11	85	Medium	8	92	2	65												
25	73	Medium	5	75	0	67												
22	70	Low	7	85	0	64												
15	60	High	7	91	0	59												
15	69	Medium	8	53	0	60												
27	66	High	6	67	1	65												
13	84	Medium	9	51	0	64												
30	67	High	6	52	1	66												
15	81	Medium	8	52	0	65												
24	84	Medium	6	74	2	69												
18	72	High	8	73	0	66												
24	61	Medium	5	53	1	65												
17	61	Medium	7	63	1	62												
19	61	Low	9	62	2	60												
20	90	Medium	7	65	4	68												
14	73	High	9	82	1	64												
24	92	High	7	85	0	73												
17	77	Medium	6	67	1	64												
19	78	High	7	89	2	69												
14	81	Medium	8	71	1	63												
5	89	Medium	4	76	2	65												
19	71	Medium	8	57	2	65												
34	65	Medium	6	62	0	67												
25	82	Medium	5	86	0	67												
20	73	Medium	8	99	1	66												
18	78	High	9	85	1	68												
20	86	Low	7	53	1	65												
23	80	Low	5	57	1	66												
13	85	Low	6	72	2	66												
27	82	Medium	6	87	2	69												
24	90	Medium	7	58	2	70												
24	88	Low	7	88	2	71												
23	81	Medium	8	78	4	70												
20	87	Medium	8	89	2	68												
24	95	High	8	78	2	73												
24	77	High	8	80	1	68												
18	77	Medium	7	62	2	66												
17	91	Low	10	86	1	67												
21	83	Low	8	92	2	66												
29	63	High	8	94	0	69												
13	96	Medium	10	51	1	67												
11	61	Low	7	81	5	61												
21	90	Medium	6	99	2	70												
20	90	High	9	79	2	70												
21	98	Medium	9	59	3	70												
21	62	Medium	7	94	1	64												
19	84	Medium	10	63	0	65												
29	77	Medium	7	52	5	70												
10	73	High	8	72	1	62												
15	64	High	9	55	1	64												
19	83	High	7	56	1	67												
10	79	Medium	8	73	1	63												
19	64	Medium	9	81	0	62												
30	84	Medium	6	95	2	72												
20	90	Medium	6	85	3	69												
21	91	High	9	92	5	72												
12	96	Medium	7	71	2	68												
16	76	Medium	6	66	1	64												
18	98	High	7	80	3	72												
18	95	High	8	85	2	73												
28	72	Medium	5	78	5	67												
23	66	Low	8	63	0	64												
13	77	Medium	8	68	3	65												
21	76	High	9	72	1	67												
23	83	Medium	7	51	3	68												
27	83	High	9	94	2	72												
29	90	Low	7	76	1	71												
14	80	Medium	7	88	1	66												
15	64	Medium	7	59	0	59												
12	94	Medium	10	78	1	68												
19	72	High	5	96	3	64												
23	99	Medium	8	61	2	70												
26	65	Medium	7	67	4	65												
20	98	Medium	7	69	2	72												
18	64	High	8	69	3	66												
21	69	Medium	9	80	2	68												
15	62	High	8	70	1	62												
33	88	Low	9	84	1	70												
10	94	Medium	7	74	3	70												
21	77	Low	7	58	0	64												
32	97	Low	5	97	1	76												
20	84	Medium	10	62	1	67												
19	85	High	7	78	2	69												
18	94	Low	7	53	4	68												
19	72	Medium	8	96	1	67												
28	74	Medium	9	96	0	69												
7	96	Medium	6	68	2	67												
29	96	High	9	56	0	73												
11	99	High	7	88	4	71												
18	96	Low	9	63	4	70												
17	65	Medium	6	85	1	65												
24	93	Medium	8	96	0	73												
10	76	Medium	7	80	1	65												
23	100	Medium	5	93	4	73												
32	79	High	5	61	0	70												
12	82	Medium	6	96	0	66												
21	81	Medium	8	61	3	66												
16	73	Medium	4	61	4	64												
23	63	Medium	8	94	2	68												
20	96	Medium	7	78	1	70												
16	92	Medium	4	90	6	72												
23	66	High	6	90	2	66												
31	91	Medium	6	82	2	74												
19	85	Medium	7	59	0	67												
24	76	High	9	85	2	71												
12	70	High	9	53	2	60												
14	94	Medium	6	60	3	68												
23	88	Medium	6	82	0	69												
29	82	High	5	95	2	74												
22	84	Medium	6	89	2	71												
18	64	Medium	6	67	0	63												
20	79	Low	7	91	2	66												
12	68	High	7	98	1	65												
24	68	Low	6	67	0	60												
25	86	Low	6	59	3	69												
17	96	Medium	6	60	1	69												
17	76	High	6	70	2	67												
22	68	Medium	9	53	1	65												
17	86	High	8	74	1	70												
20	95	Medium	8	87	0	71												
33	90	Medium	9	77	3	73												
19	95	High	8	99	0	70												
18	81	Low	9	73	1	67												
16	90	High	8	51	1	67												
24	66	High	7	74	0	65												
19	74	High	6	96	2	69												
16	76	High	6	55	1	65												
28	80	High	8	61	1	68												
29	97	Medium	7	86	0	74												
16	95	Medium	5	65	0	68												
9	65	Medium	4	88	1	61												
26	67	Low	10	71	3	67												
16	74	High	6	90	1	66												
25	72	Low	6	78	8	69												
8	85	Low	9	54	1	62												
25	96	High	5	69	0	71												
13	98	High	8	67	1	71												
24	86	High	10	91	0	72												
20	94	High	10	81	1	69												
14	81	Medium	6	89	6	67												
18	68	High	7	69	1	63												
24	81	Medium	6	85	1	68												
21	82	High	7	53	0	69												
24	90	Low	9	52	0	65												
32	69	High	5	64	0	70												
11	75	Medium	8	89	2	65												
30	75	Medium	7	77	0	67												
21	98	High	9	70	0	72												
15	78	High	9	95	1	69												
12	90	High	6	75	2	69												
19	90	Low	7	81	4	71												
26	71	Low	8	99	1	67												
19	83	Low	8	76	3	65												
29	96	Low	4	89	2	70												
11	79	Medium	8	71	1	63												
20	98	High	9	52	0	71												
12	69	Medium	7	92	1	64												
22	63	High	8	97	5	69												
25	96	Medium	9	72	0	69												
17	94	Medium	7	75	1	70												
4	100	Low	8	71	2	64												
21	87	High	7	100	1	70												
23	97	High	7	95	0	74												
22	93	Medium	6	52	1	69												
27	94	Medium	7	89	3	73												
14	83	Medium	10	80	1	66												
24	75	High	6	51	1	67												
27	97	High	8	72	6	76												
9	77	Medium	7	57	2	61												
22	82	Medium	9	94	0	68												
17	78	Low	9	51	1	63												
20	83	Low	6	94	1	67												
22	79	Low	6	97	3	66												
17	62	Low	6	54	2	62												
16	95	Low	6	86	0	69												
20	78	Medium	6	77	3	67												
13	84	Medium	8	98	2	66												
13	66	Medium	6	90	2	63												
24	60	Medium	6	85	1	64												
13	70	Medium	6	96	2	64												
24	88	Medium	8	58	1	67												
23	64	Medium	7	69	4	66												
10	96	High	7	92	1	68												
16	69	High	6	55	1	62												
27	68	Medium	5	97	1	68												
14	67	Low	9	87	1	63												
17	61	High	7	72	1	62												
23	91	High	10	67	2	72												
25	95	Low	8	57	4	69												
18	85	Low	10	55	3	67												
16	68	High	8	71	1	65												
29	71	Medium	7	92	1	69												
30	79	High	6	77	1	72												
26	98	Medium	6	73	2	70												
21	70	High	9	66	1	91												
15	89	Low	7	58	2	65												
15	78	Medium	8	100	0	62												
23	72	High	8	51	2	65												
23	78	Medium	8	66	1	67												
28	63	Low	6	88	4	67												
24	92	High	9	76	2	72												
11	70	Low	7	66	1	60												
26	89	Low	7	100	0	69												
14	63	Medium	8	81	0	61												
18	98	Medium	7	65	1	70												
22	68	High	4	92	2	68												
32	95	High	9	58	2	75												
39	92	Medium	9	73	1	75												
24	99	Medium	4	92	2	72												
19	79	Medium	5	99	1	66												
23	89	High	10	69	5	71												
25	75	High	7	57	4	70												
18	67	High	7	78	2	63												
31	78	High	6	97	0	72												
21	67	Medium	5	83	1	65												
23	99	Medium	7	80	3	71												
24	64	Medium	8	65	0	65												
23	84	Low	7	80	1	69												
25	85	Low	8	94	3	71												
16	82	High	10	69	2	68												
17	86	Medium	6	62	2	66												
13	65	Medium	7	74	0	60												
23	82	Medium	9	69	0	68												
25	71	High	6	73	1	67												
23	98	Low	7	55	3	71												
30	90	Medium	10	67	2	74												
20	99	Medium	6	91	2	70												
24	62	High	9	70	2	63												
13	71	Medium	7	98	0	64												
18	68	High	10	85	3	66												
24	60	Medium	5	68	0	64												
25	70	High	7	63	1	69												
18	87	High	5	84	2	71												
20	69	Medium	6	65	1	64												
11	80	Medium	6	96	1	65												
18	96	Medium	7	56	2	69												
25	88	High	5	51	1	68												
23	76	Medium	7	61	3	68												
23	75	Medium	8	80	0	68												
20	78	Medium	5	92	1	65												
20	67	High	6	59	1	65												
16	85	Low	10	79	1	66												
24	75	Low	7	57	0	66												
23	94	Low	4	78	2	71												
23	90	Medium	5	51	0	68												
17	84	Medium	7	78	0	65												
7	75	High	7	76	0	63												
27	68	Medium	6	52	1	66												
17	91	Low	10	84	7	71												
15	79	Medium	10	79	2	65												
24	69	High	7	81	3	68												
18	68	Medium	8	76	2	66												
26	67	High	8	86	2	64												
24	91	Low	9	76	1	70												
24	69	Low	6	96	4	70												
12	81	High	10	97	1	66												
27	78	Medium	7	86	3	70												
22	83	High	8	96	2	71												
18	95	High	7	96	2	70												
21	95	Medium	7	63	1	70												
9	78	Medium	7	100	2	66												
22	61	Medium	5	63	1	64												
14	77	High	4	51	5	66												
12	84	Medium	7	98	1	68												
11	82	Low	6	61	2	61												
27	86	Medium	8	79	2	72												
16	66	High	8	99	1	66												
29	86	Low	7	52	1	68												
17	67	Medium	9	63	1	61												
10	90	Medium	7	80	0	67												
13	74	High	5	88	3	66												
27	88	Medium	7	90	3	74												
19	62	Medium	9	94	0	66												
17	76	Medium	4	58	4	67												
21	88	Low	7	69	4	71												
23	69	Low	8	86	0	66												
27	92	Medium	10	86	0	71												
29	85	Medium	9	65	4	72												
18	84	Medium	7	65	2	66												
12	74	Low	8	66	1	62												
18	79	Medium	4	95	1	66												
22	84	High	5	95	2	69												
14	79	Medium	8	51	0	64												
14	88	Medium	7	66	4	69												
22	77	Low	7	70	2	69												
20	68	Low	7	99	0	64												
20	69	High	7	97	3	68												
15	60	Medium	7	81	4	63												
19	72	Medium	5	52	1	64												
14	90	High	7	60	2	69												
25	92	High	5	72	1	71												
26	68	High	6	98	2	67												
9	98	Medium	9	55	3	67												
14	80	Low	7	90	2	66												
11	97	High	8	60	0	67												
16	88	High	7	75	2	68												
19	89	Medium	6	88	1	69												
11	63	High	5	85	0	62												
14	69	Medium	6	89	2	66												
14	60	Medium	7	91	1	63												
21	89	Low	8	65	2	67												
20	74	Medium	7	68	3	68												
16	91	Low	8	91	2	66												
21	74	Medium	5	52	3	66												
17	93	Medium	8	76	0	67												
18	65	Medium	5	96	1	66												
30	67	Medium	8	94	1	69												
28	74	High	8	90	2	72												
12	76	Low	4	51	0	60												
25	74	High	8	94	0	68												
25	91	Medium	8	96	3	72												
13	64	High	9	83	1	64												
25	74	Medium	6	65	0	65												
29	93	High	7	74	3	76												
13	63	Medium	8	88	0	59												
14	98	Medium	8	91	0	67												
26	99	Medium	8	67	4	73												
22	64	High	6	66	1	64												
23	72	High	8	87	3	67												
22	75	Medium	8	84	3	69												
22	91	Low	7	76	1	69												
12	84	High	6	71	2	67												
26	86	High	6	83	2	72												
27	90	Medium	9	52	2	86												
19	65	High	8	54	0	62												
20	93	Low	7	79	1	69												
11	88	High	7	61	2	68												
23	83	High	4	89	1	99												
23	96	Medium	7	89	1	70												
20	88	Medium	5	85	2	68												
27	68	Medium	7	95	0	67												
18	77	Medium	9	57	1	66												
23	80	High	6	63	0	66												
14	62	High	7	63	2	62												
20	98	Medium	8	89	3	72												
19	65	High	7	76	0	64												
21	88	Medium	6	63	1	68												
18	80	High	7	57	2	66												
19	61	High	8	95	4	68												
25	97	High	7	85	3	75												
17	94	Low	7	76	3	67												
10	81	Medium	9	98	2	65												
30	69	Medium	8	92	2	68												
28	65	Medium	5	59	2	67												
12	75	Medium	8	75	1	63												
24	70	High	8	74	2	67												
17	80	Medium	5	92	0	67												
22	99	Medium	4	57	2	73												
22	83	Medium	5	73	0	67												
19	96	Medium	7	82	1	71												
15	86	Medium	9	97	2	67												
16	79	Low	6	95	0	68												
15	94	Low	8	77	1	68												
15	79	Medium	4	80	1	66												
20	95	Low	7	93	0	68												
16	72	Low	6	87	2	63												
24	65	High	10	94	2	68												
29	94	High	4	95	1	74												
17	83	Medium	7	92	3	65												
21	96	Medium	4	50	1	69												
23	98	High	6	66	1	70												
23	62	Low	4	70	3	65												
20	80	Medium	10	84	1	68												
24	75	Medium	6	65	0	65												
23	85	High	7	66	0	68												
13	92	High	7	70	4	68												
25	71	Medium	5	98	0	66												
25	82	Medium	9	72	0	70												
15	88	Medium	8	57	1	66												
20	65	High	8	50	0	64												
24	93	High	5	62	1	70												
19	84	Medium	9	97	1	68												
26	98	High	9	98	4	74												
34	74	Low	7	76	2	71												
15	64	Medium	8	82	0	61												
12	80	Low	7	90	3	64												
22	63	Low	5	53	2	64												
24	99	Medium	7	69	0	73												
19	62	High	6	82	0	62												
29	90	Medium	7	95	0	71												
12	81	Medium	9	86	2	68												
24	75	Low	5	68	2	67												
16	63	Medium	6	95	1	63												
30	85	Medium	6	83	2	71												
32	83	Medium	6	92	1	72												
15	71	Medium	6	69	3	66												
17	96	Medium	7	50	1	67												
25	72	Medium	8	58	0	66												
18	78	Medium	8	96	4	68												
20	82	Low	7	52	0	64												
20	64	Medium	8	80	1	65												
8	97	Medium	10	70	0	66												
20	75	High	7	71	1	69												
16	63	High	9	70	2	64												
17	75	High	8	53	1	65												
29	84	Medium	10	56	3	72												
12	81	Medium	8	53	1	65												
25	88	High	6	53	2	70												
18	62	Medium	7	54	2	64												
18	71	Low	7	85	1	62												
25	93	High	8	56	0	69												
22	63	Low	6	63	1	62												
23	94	Low	9	83	2	69												
26	64	High	7	56	3	66												
18	93	High	8	96	2	71												
16	74	High	7	74	4	66												
13	84	Medium	7	98	0	64												
15	66	High	7	60	2	63												
38	63	High	8	52	1	69												
27	69	High	10	80	1	68												
12	65	High	4	66	0	63												
12	72	Medium	8	79	1	64												
23	81	Low	7	74	0	66												
23	84	High	7	73	1	71												
23	92	Medium	4	93	0	72												
18	86	Medium	8	60	2	88												
19	84	High	7	75	1	66												
22	76	Medium	6	71	0	65												
21	79	Medium	7	84	2	66												
7	77	Medium	7	53	4	62												
19	94	Low	4	76	4	68												
15	69	Medium	7	74	2	65												
21	60	High	8	99	0	62												
38	86	Medium	6	88	1	74												
22	68	Low	7	58	0	64												
18	96	High	7	75	2	72												
26	94	Medium	9	89	0	70												
23	63	Medium	7	76	2	65												
23	64	High	8	68	3	66												
24	80	Medium	7	69	0	67												
32	84	High	10	68	1	73												
13	71	High	6	51	4	65												
23	89	High	6	87	4	74												
14	84	Medium	7	81	0	66												
23	73	Medium	6	63	1	67												
14	61	Medium	5	82	0	58												
17	90	High	8	65	2	71												
18	69	High	4	62	1	63												
26	93	High	6	87	1	73												
26	77	Medium	5	90	1	68												
13	83	Medium	7	81	4	66												
20	95	Medium	4	89	3	68												
16	95	Low	8	68	2	66												
12	75	High	8	54	1	62												
19	68	Medium	5	80	0	78												
18	91	Medium	7	63	1	68												
35	77	High	8	89	5	77												
23	68	Low	8	68	1	65												
12	96	High	5	84	3	73												
17	68	Low	5	78	4	64												
26	61	High	9	91	0	67												
33	61	Medium	6	92	1	69												
10	85	Low	6	53	1	60												
9	86	Medium	8	65	0	66												
31	72	High	5	94	2	70												
22	73	Medium	7	70	2	66												
15	74	Medium	8	76	1	64												
23	87	High	5	59	1	70												
4	62	Medium	6	78	3	58												
20	97	High	5	63	0	69												
22	69	Medium	6	91	0	64												
26	100	Medium	9	60	2	72												
14	67	Medium	9	68	1	60												
21	91	Medium	7	55	2	70												
14	69	Low	8	79	1	62												
22	63	Medium	8	97	1	66												
15	95	Medium	6	59	0	66												
18	94	Medium	7	51	1	65												
14	76	Medium	5	71	1	64												
24	88	Medium	6	87	1	72												
25	82	Medium	7	99	3	71												
19	94	High	5	53	1	68												
20	73	Medium	5	89	2	68												
11	81	Medium	6	68	2	64												
18	79	Medium	9	58	3	65												
20	74	High	9	60	1	64												
36	96	Low	7	96	1	75												
13	67	Medium	8	90	2	61												
29	66	High	6	66	0	68												
26	83	Medium	4	97	2	70												
22	86	Medium	6	55	5	71												
31	68	High	7	66	0	66												
22	76	Low	7	83	0	66												
22	98	Medium	7	100	0	70												
20	70	Medium	7	73	0	62												
27	87	Low	6	91	4	72												
27	90	Medium	8	96	0	72												
16	78	Medium	5	50	2	63												
12	98	Low	8	64	5	69												
19	89	Medium	6	55	0	68												
15	78	High	10	89	0	67												
20	83	High	7	78	3	71												
27	88	Medium	6	55	2	67												
17	84	Low	6	71	0	62												
20	95	Medium	6	76	0	69												
20	74	Medium	8	85	2	67												
25	72	High	7	89	2	71												
7	69	High	8	54	1	87												
16	62	Medium	8	74	2	62												
21	62	Low	7	58	2	64												
27	95	High	8	88	3	74												
17	87	High	9	83	0	69												
9	86	Medium	8	86	1	65												
24	85	Medium	7	54	2	66												
16	94	Medium	8	76	3	70												
13	79	High	5	92	3	68												
16	95	Low	10	86	4	70												
19	74	High	8	93	1	68												
16	97	Low	8	60	0	69												
7	88	High	7	64	2	66												
25	70	Medium	4	72	0	65												
28	83	Medium	7	76	1	71												
24	81	Low	7	63	1	66												
13	66	Medium	6	69	2	61												
19	84	Medium	6	84	3	69												
20	73	Medium	6	82	1	65												
24	62	Medium	8	56	0	63												
24	98	Low	9	99	2	73												
16	86	Medium	7	78	1	68												
20	95	Medium	6	74	1	70												
23	87	Medium	6	98	3	72												
29	74	Medium	7	57	3	68												
24	81	Medium	7	77	0	68												
25	87	Medium	8	90	1	71												
21	98	Low	6	70	1	68												
28	70	Low	8	87	3	70												
22	95	Low	8	95	2	70												
15	97	Medium	6	63	2	69												
28	87	Medium	4	62	2	73												
24	97	Medium	6	68	1	72												
17	76	High	9	71	0	67												
17	98	Medium	4	56	2	69												
22	88	Medium	9	62	1	68												
23	62	Low	4	94	0	64												
21	96	High	6	78	2	71												
22	79	Medium	6	63	1	68												
30	78	High	10	97	1	70												
26	83	High	7	89	3	72												
21	66	High	7	68	2	65												
26	79	High	6	88	1	70												
14	93	Medium	8	80	2	69												
22	61	Medium	6	84	0	64												
31	71	High	7	66	3	67												
19	60	High	6	60	1	65												
15	77	Medium	8	63	0	62												
16	89	Medium	8	54	2	68												
13	92	High	6	74	2	68												
15	98	Medium	6	70	1	68												
18	84	Low	6	50	4	68												
12	70	Medium	7	93	1	62												
20	97	Low	8	84	4	72												
25	91	Medium	7	72	1	69												
15	83	High	4	98	3	68												
29	88	Medium	8	97	4	71												
23	97	High	5	55	0	69												
26	88	High	6	81	1	71												
16	75	High	7	91	2	65												
25	89	High	7	59	1	68												
13	62	Medium	8	56	1	60												
25	75	Medium	6	63	3	68												
21	76	High	6	64	1	66												
23	67	Medium	7	98	4	66												
13	61	Medium	8	89	4	62												
15	65	Medium	8	53	2	61												
24	86	Medium	7	89	2	69												
14	92	High	9	58	1	69												
23	100	Medium	9	68	4	74												
12	74	High	8	66	1	62												
25	84	Medium	5	64	0	67												
13	97	Medium	8	65	1	69												
23	67	Low	7	88	1	66												
24	89	High	6	63	2	72												
16	90	Low	6	90	2	69												
23	64	High	7	55	0	65												
22	94	High	6	80	0	72												
17	93	Medium	7	93	2	69												
14	61	High	7	54	3	60												
8	64	Medium	7	82	0	61												
22	62	Low	8	76	1	63												
11	73	Medium	7	67	3	63												
21	80	Medium	6	55	1	68												
18	81	Medium	4	84	1	68												
24	71	Medium	8	65	1	65												
18	96	High	7	67	1	71												
18	75	Medium	7	86	1	64												
24	62	Medium	9	97	1	65												
22	72	Medium	5	67	2	67												
22	81	Medium	7	87	0	67												
23	76	Medium	6	98	1	67												
11	71	Medium	8	55	1	87												
25	65	High	4	76	1	67												
24	93	Medium	8	51	4	72												
14	100	Low	8	91	0	69												
19	73	Medium	6	64	1	65												
20	75	Medium	7	67	1	66												
19	85	High	6	84	3	70												
22	89	High	8	89	0	71												
29	76	High	8	70	1	67												
26	96	Medium	5	83	0	72												
12	82	Medium	5	98	0	63												
24	78	Low	9	94	0	67												
28	86	Medium	10	85	6	72												
22	98	Medium	8	97	1	72												
27	92	Medium	8	94	1	70												
32	62	Medium	7	86	0	67												
26	73	Medium	7	96	0	68												
21	79	Medium	8	91	1	67												
26	73	High	7	75	3	70												
21	88	Low	9	75	1	67												
20	93	Medium	7	50	1	71												
18	89	Low	7	52	1	69												
29	100	Medium	7	87	3	74												
15	71	Low	7	78	0	63												
29	95	Low	9	88	0	72												
23	91	Low	7	97	2	71												
12	74	Medium	7	73	1	64												
22	89	Medium	7	54	1	69												
7	64	High	6	81	2	62												
24	92	Medium	5	55	1	69												
25	81	Low	9	81	2	68												
16	72	Medium	9	76	6	67												
21	86	Medium	9	86	2	71												
32	86	Medium	5	68	1	70												
17	68	Medium	9	57	2	63												
14	61	High	10	62	0	60												
29	77	Medium	9	84	0	69												
32	83	Medium	9	74	3	71												
20	95	Low	8	77	1	69												
26	97	Low	6	66	2	73												
28	81	High	8	92	1	73												
16	90	Medium	5	100	1	68												
17	78	Medium	6	66	2	67												
27	90	High	7	86	2	74												
30	68	High	7	59	3	68												
23	75	Medium	8	87	1	69												
15	85	Medium	4	72	4	69												
32	61	High	7	80	0	68												
17	89	High	8	62	1	66												
18	93	Low	8	93	3	69												
22	76	Medium	8	59	1	66												
29	78	Medium	7	96	5	72												
25	94	Low	6	53	1	69												
22	91	Medium	8	64	1	68												
23	72	Medium	7	78	1	66												
20	73	Low	8	93	1	65												
23	87	Medium	8	79	2	71												
5	83	Medium	7	61	2	61												
18	66	Medium	6	93	1	63												
21	72	High	9	80	1	66												
13	96	High	8	62	0	69												
22	88	High	10	78	0	71												
19	99	Medium	8	84	0	73												
31	91	Medium	8	84	2	72												
29	98	High	5	86	2	73												
17	69	High	7	95	1	65												
19	91	High	7	91	1	71												
20	61	Medium	8	80	1	65												
17	87	Medium	8	52	1	67												
21	79	High	8	87	1	69												
15	74	High	10	99	0	63												
13	94	High	6	65	2	68												
24	94	Low	8	80	1	70												
24	61	Medium	8	88	1	64												
15	84	Medium	10	82	1	64												
25	75	High	8	96	1	68												
16	77	High	8	74	0	65												
22	93	Medium	8	77	0	70												
25	72	Medium	8	52	0	66												
20	98	Low	9	95	1	70												
23	67	Medium	6	63	3	66												
17	87	Medium	6	99	2	69												
19	87	High	10	60	2	69												
19	70	High	4	63	1	64												
16	73	Medium	7	74	1	64												
19	93	Medium	7	83	1	69												
11	90	Medium	7	72	3	67												
17	73	Medium	9	68	2	63												
18	81	High	8	77	1	67												
18	62	High	6	98	3	65												
19	68	Medium	6	98	2	64												
20	79	Medium	7	66	3	68												
23	63	Medium	9	84	0	64												
25	94	Medium	7	86	2	70												
16	89	Medium	7	83	0	70												
13	98	Low	6	56	1	67												
14	88	High	8	77	2	69												
17	98	Medium	7	88	2	70												
18	82	High	6	60	5	69												
15	84	Low	9	67	1	65												
12	99	High	10	60	0	66												
17	86	High	7	94	2	70												
21	61	Low	7	93	1	63												
24	89	Medium	5	58	3	69												
17	96	High	8	88	4	74												
18	92	Medium	8	68	2	70												
14	83	Medium	7	84	1	66												
20	87	High	6	75	0	68												
15	100	Low	10	74	2	67												
23	64	Medium	8	94	2	66												
9	87	Medium	6	82	0	65												
18	71	Medium	8	62	3	66												
22	86	Medium	7	56	1	69												
21	84	Medium	7	97	2	67												
36	66	High	8	58	1	69												
22	68	Medium	4	87	2	66												
14	85	Medium	4	75	2	64												
19	65	Medium	9	57	1	61												
9	71	High	7	89	0	61												
20	93	Medium	6	95	1	70												
15	73	High	5	56	1	65												
25	80	Low	7	53	1	67												
17	98	Medium	7	92	0	69												
19	69	Low	9	75	2	63												
16	76	Medium	8	84	1	66												
30	84	Medium	7	72	3	73												
18	90	High	8	71	0	68												
31	96	High	9	65	0	74												
25	97	Medium	8	78	0	70												
23	91	Low	8	58	0	68												
22	69	High	7	86	1	67												
22	61	Medium	6	77	1	65												
8	75	Medium	5	92	5	66												
18	66	Medium	5	96	0	64												
25	88	Medium	8	95	1	72												
20	86	Medium	8	80	2	70												
12	62	Medium	9	66	1	60												
20	93	Medium	8	68	1	68												
30	70	High	9	83	1	71												
27	77	Medium	7	86	1	68												
20	87	Medium	8	58	2	67												
26	77	Medium	5	100	1	70												
18	78	High	7	55	0	65												
10	63	Medium	4	80	0	60												
14	76	Low	7	77	2	65												
29	91	Medium	9	80	0	70												
18	97	Low	7	77	4	69												
19	77	Low	8	53	1	64												
18	77	Medium	7	100	2	67												
31	88	Medium	6	99	2	73												
30	98	High	7	76	1	74												
33	71	Low	9	60	0	67												
19	78	High	8	59	2	66												
22	92	Medium	6	53	4	69												
11	84	Medium	5	81	1	64												
29	64	High	7	74	0	69												
13	85	High	6	71	1	66												
21	67	Medium	7	76	1	65												
13	80	Medium	5	94	1	67												
16	81	High	9	54	3	67												
15	95	Medium	7	77	0	68												
16	78	Low	7	85	4	65												
17	71	Low	6	99	4	66												
17	69	Medium	7	87	2	65												
25	95	Medium	7	77	0	71												
13	67	High	6	88	0	63												
21	77	Low	7	100	2	70												
27	67	High	9	94	0	70												
17	91	Medium	4	54	3	67												
16	79	Medium	7	79	2	68												
19	74	Low	6	89	0	63												
27	74	High	9	84	3	70												
21	94	Medium	7	71	1	69												
17	82	Medium	5	66	1	66												
23	89	High	7	81	2	70												
13	96	High	8	71	1	68												
24	96	Medium	10	70	0	70												
22	73	High	4	92	0	67												
18	98	High	5	66	0	69												
15	61	Low	9	82	2	64												
15	75	Medium	5	94	1	62												
23	96	Medium	7	81	1	71												
27	71	Medium	6	75	2	69												
16	71	High	6	52	0	62												
23	72	Medium	7	84	0	66												
7	84	High	7	100	3	64												
16	78	High	9	90	3	66												
20	89	Medium	9	82	2	72												
15	96	High	8	73	3	71												
14	87	High	7	61	0	65												
16	68	Medium	7	85	1	65												
22	97	High	8	59	1	70												
19	71	High	9	94	1	68												
7	66	Low	8	68	0	57												
7	64	High	9	70	4	59												
16	83	Low	6	61	0	64												
23	65	Medium	9	74	2	67												
4	66	High	8	84	2	60												
17	72	High	6	65	3	67												
17	71	High	7	85	2	65												
28	84	Medium	7	81	1	71												
18	93	Medium	7	69	0	67												
22	90	Medium	7	66	0	69												
21	70	Medium	5	93	1	68												
7	70	Medium	6	51	0	59												
25	99	High	7	86	3	75												
21	60	Medium	6	71	0	59												
23	95	Medium	6	86	0	71												
44	68	Low	9	75	3	71												
7	98	Medium	7	54	0	66												
30	74	Low	10	99	1	69												
18	78	Medium	7	54	4	65												
22	88	Medium	9	58	3	68												
20	84	Low	7	71	5	68												
17	73	Medium	6	97	1	67												
17	82	Medium	7	65	1	68												
22	89	Medium	9	78	0	68												
11	62	Medium	7	76	3	88												
25	60	High	8	67	1	66												
18	78	Low	7	85	3	67												
13	65	High	7	75	2	63												
17	87	High	7	79	3	68												
28	69	Low	6	61	2	65												
17	77	Medium	7	96	1	67												
22	68	High	8	56	3	67												
16	82	Medium	7	85	1	67												
25	65	Low	7	94	1	64												
24	61	Medium	8	54	1	61												
31	62	Medium	7	51	2	65												
19	98	High	7	67	1	70												
24	66	High	8	89	0	67												
21	88	Low	7	86	1	68												
28	63	Medium	7	91	1	65												
16	64	Medium	8	70	3	63												
24	80	High	7	100	1	72												
19	79	Medium	7	68	2	68												
20	98	High	7	90	2	73												
21	98	Medium	7	68	0	71												
22	91	High	5	61	3	70												
19	84	Medium	7	67	0	68												
21	78	High	10	60	3	68												
29	74	Medium	6	56	2	68												
26	98	High	6	68	1	71												
25	84	Medium	10	57	4	70												
17	83	Medium	6	75	2	67												
15	69	Medium	9	52	0	61												
26	62	Low	7	72	1	64												
25	98	Medium	7	98	1	72												
29	73	Medium	7	68	1	67												
16	78	Low	8	57	1	65												
19	65	Low	5	65	1	64												
10	93	Medium	7	90	0	66												
18	61	Medium	6	66	1	62												
26	93	Medium	4	69	2	70												
17	66	Medium	9	89	1	64												
24	95	Low	4	63	3	70												
19	89	Low	10	74	1	66												
22	67	High	8	53	0	62												
13	83	Low	5	59	4	63												
21	73	Medium	9	60	2	66												
2	67	Medium	6	73	1	58												
19	94	High	6	91	1	70												
10	76	Low	4	68	1	63												
27	76	High	6	69	0	70												
25	67	Medium	6	65	1	65												
23	75	Low	8	66	5	67												
29	95	Medium	9	70	1	73												
14	75	Medium	5	95	0	82												
30	98	Medium	7	51	0	71												
26	98	Medium	4	81	1	73												
19	66	High	7	94	1	65												
27	67	Medium	10	71	1	67												
13	95	Medium	4	83	1	67												
15	76	High	5	79	4	69												
16	60	High	8	67	0	61												
17	71	Low	8	57	3	64												
14	84	High	6	61	1	64												
27	92	Medium	9	53	2	68												
18	65	Low	6	88	1	62												
22	64	Medium	10	77	5	66												
17	97	Low	8	89	1	70												
9	90	Medium	9	65	3	67												
22	84	Medium	8	90	2	70												
9	91	Medium	8	65	0	65												
20	77	Medium	8	56	1	65												
12	90	High	9	77	3	70												
32	75	Medium	7	97	1	72												
25	70	Medium	6	71	0	65												
21	89	High	7	76	1	71												
28	77	High	6	73	3	71												
15	99	High	6	73	1	72												
23	74	Low	9	61	0	64												
21	97	Medium	8	71	2	72												
22	97	Medium	8	75	1	71												
28	70	Medium	9	87	0	66												
24	92	Low	8	57	3	71												
22	77	Medium	10	79	2	67												
10	97	High	4	83	1	69												
14	78	Medium	6	69	0	67												
19	90	Medium	6	77	0	71												
21	79	Low	5	86	1	66												
13	69	High	7	73	1	62												
34	68	Medium	7	67	0	67												
29	77	Low	10	91	2	70												
24	90	High	8	99	0	72												
20	84	High	6	61	3	69												
19	88	High	8	94	1	70												
14	71	High	4	77	0	64												
20	79	Medium	7	72	1	65												
22	62	High	7	95	2	66												
13	93	Medium	6	96	2	68												
22	100	Medium	7	64	2	72												
19	76	Low	6	68	2	65												
9	60	Low	6	93	3	60												
15	67	Medium	8	75	0	63												
18	86	Low	9	64	3	66												
31	84	Medium	8	98	1	73												
23	92	Medium	6	61	4	71												
12	70	Medium	6	81	1	59												
23	91	Low	6	71	5	70												
11	88	Low	7	73	1	63												
26	73	Medium	6	55	1	67												
17	82	Medium	9	63	2	65												
19	66	Low	7	58	5	64												
28	78	Medium	8	87	2	71												
12	95	High	5	85	2	70												
12	77	Low	6	90	2	63												
16	94	Medium	8	85	3	68												
26	84	Medium	8	56	1	67												
11	68	High	5	99	1	66												
3	83	Low	7	59	2	63												
17	80	Medium	7	68	0	65												
23	76	High	6	85	2	66												
27	65	Medium	8	57	2	65												
17	77	Medium	5	59	2	65												
18	63	Low	6	94	2	63												
27	64	High	8	67	0	65												
9	77	High	7	83	1	62												
18	72	Medium	7	93	1	66												
21	97	Low	7	99	1	71												
23	75	Low	8	61	2	64												
17	90	Medium	8	56	0	67												
20	81	Medium	8	87	1	68												
5	88	Medium	7	59	3	63												
16	70	Medium	6	79	0	64												
23	98	High	6	77	1	74												
14	81	Medium	5	78	2	68												
20	93	Medium	6	82	1	68												
23	75	High	6	93	2	69												
18	64	Medium	9	64	4	61												
21	87	High	5	78	1	69												
14	60	Low	9	67	3	61												
19	79	High	7	66	3	67												
24	68	High	7	51	0	63												
21	85	Medium	8	80	3	68												
16	99	Medium	5	99	0	68												
21	79	Low	6	88	2	67												
24	93	Medium	5	62	1	69												
8	80	Medium	6	86	2	64												
27	80	Low	6	65	1	67												
18	97	High	9	88	1	70												
23	96	High	6	93	5	72												
27	91	High	4	67	1	71												
12	72	Medium	6	50	1	62												
16	82	Medium	8	65	2	67												
18	69	High	9	60	3	64												
15	78	Medium	7	81	0	64												
30	79	Medium	6	65	1	70												
15	93	Medium	7	52	3	68												
17	96	Medium	8	77	1	70												
21	77	Low	5	94	1	65												
13	61	Low	7	73	2	59												
18	94	Medium	7	69	1	69												
22	67	Medium	7	59	2	67												
18	85	High	7	69	2	68												
19	61	Medium	6	67	1	62												
17	76	Medium	8	100	0	65												
11	99	Medium	7	52	0	69												
22	64	Medium	7	62	3	65												
31	77	Low	5	53	1	68												
20	72	Low	8	93	4	68												
21	96	Medium	6	71	3	71												
24	95	Low	9	90	3	71												
12	70	Medium	5	85	1	66												
30	63	High	8	96	4	71												
21	85	Medium	4	51	2	66												
30	73	Low	4	60	0	66												
16	87	High	6	85	2	69												
31	61	Medium	4	79	0	65												
25	65	Low	8	85	2	66												
23	87	Low	7	79	2	67												
21	68	Medium	9	79	1	66												
19	94	Medium	7	97	0	69												
27	62	Low	7	96	2	66												
21	69	Medium	7	52	0	64												
8	100	High	6	71	0	70												
13	77	Medium	6	76	1	62												
19	88	Medium	5	68	1	67												
22	67	Medium	8	52	1	60												
20	84	Low	7	74	1	66												
27	89	Medium	7	99	0	72												
8	73	High	10	54	2	63												
21	93	Low	6	91	1	69												
9	84	High	7	60	1	66												
25	76	Medium	7	79	2	69												
19	82	Medium	9	69	2	68												
23	83	Low	7	67	3	66												
15	67	Medium	7	94	0	63												
28	76	Medium	10	99	1	70												
26	74	Medium	6	69	2	68												
24	76	Medium	7	82	2	68												
19	90	Medium	8	78	1	67												
23	79	High	6	54	1	67												
16	98	Low	8	52	3	69												
25	72	Medium	6	89	3	68												
30	77	Low	9	70	0	67												
26	91	Medium	8	65	0	70												
16	82	High	7	99	3	70												
22	82	Low	5	54	2	66												
12	62	High	6	63	0	61												
23	76	High	7	93	2	68												
23	71	Medium	8	71	1	64												
9	100	Low	7	79	1	66												
13	72	High	8	52	3	65												
18	95	High	8	96	3	73												
18	87	Low	8	57	3	66												
13	74	High	7	61	2	65												
22	82	High	7	58	0	68												
22	94	Medium	7	75	0	69												
19	95	High	6	91	1	72												
15	66	Medium	9	63	3	63												
26	74	Medium	8	57	0	65												
30	73	Medium	9	70	0	69												
17	62	Low	6	99	2	62												
16	84	High	8	51	0	66												
23	94	Low	9	75	3	69												
18	75	Medium	9	83	2	67												
19	90	High	5	90	0	94												
24	85	Medium	7	87	2	71												
9	75	Medium	7	54	2	61												
28	66	Medium	9	73	2	68												
20	88	Medium	4	54	0	66												
18	94	High	5	81	0	71												
19	87	Medium	9	54	3	66												
20	61	Medium	6	52	2	60												
10	69	Medium	5	65	0	60												
29	63	Low	9	97	3	66												
20	83	Low	5	85	1	67												
23	90	Low	9	50	4	67												
26	64	Medium	5	64	2	64												
14	94	Medium	5	51	0	66												
23	82	Low	7	65	1	68												
18	88	Low	6	84	1	70												
25	99	Medium	7	88	3	75												
7	63	High	10	90	0	86												
19	96	Medium	7	95	3	73												
16	65	Low	9	68	1	61												
23	76	High	7	93	0	68												
23	94	High	8	86	1	70												
16	96	Medium	4	77	1	71												
16	80	Medium	8	98	2	71												
19	84	Medium	8	97	2	68												
15	88	High	6	95	2	70												
25	93	Medium	10	60	1	70												
18	65	High	6	60	0	62												
3	92	Low	5	95	3	67												
18	79	Medium	8	70	3	68												
14	78	High	5	90	1	68												
10	77	High	7	84	2	64												
13	80	High	9	88	1	68												
21	98	High	8	51	0	69												
28	82	High	7	71	1	70												
22	98	Medium	6	93	4	73												
16	67	Medium	9	74	1	66												
23	89	Medium	5	85	0	68												
17	92	Medium	8	88	1	68												
16	87	Medium	10	56	2	65												
13	84	Medium	8	58	2	66												
9	83	Low	7	86	0	62												
18	94	Low	7	53	3	67												
21	93	High	6	67	1	73												
19	65	Low	6	96	2	65												
18	94	Low	7	79	2	70												
14	77	Medium	8	96	3	68												
24	70	Medium	9	65	3	67												
12	95	Medium	4	82	2	66												
25	77	Low	4	64	3	65												
14	92	Low	9	56	1	66												
15	71	High	7	100	2	66												
11	60	High	7	59	2	60												
17	80	Low	8	59	0	66												
26	64	Medium	7	92	2	68												
23	90	Medium	10	90	3	72												
26	71	High	8	99	1	68												
23	78	Medium	6	54	0	67												
13	63	Medium	6	55	0	62												
18	71	Medium	7	72	0	66												
15	91	Medium	6	80	0	69												
28	66	Medium	10	52	0	64												
13	86	Medium	7	58	0	63												
25	97	High	5	85	2	74												
25	87	Medium	8	83	0	72												
31	92	Medium	9	54	1	71												
18	64	High	9	97	2	64												
24	70	High	6	63	0	65												
34	96	Medium	5	94	1	75												
16	89	Medium	9	96	2	69												
11	86	Medium	5	75	1	65												
9	87	Low	8	71	0	60												
24	77	Medium	6	64	2	69												
9	62	High	9	90	4	65												
18	91	Medium	5	60	0	67												
23	87	Low	6	81	5	70												
21	79	Low	8	78	1	66												
23	96	Medium	8	62	0	69												
21	73	Medium	9	99	2	69												
28	72	Medium	8	92	1	68												
14	95	Medium	8	51	5	70												
16	92	Low	9	71	2	66												
15	81	Medium	5	68	0	65												
25	65	Medium	6	94	1	65												
25	69	Medium	5	63	1	65												
23	86	Medium	4	100	0	69												
27	75	Medium	8	60	4	69												
13	93	High	9	62	0	65												
30	98	High	8	83	1	76												
29	92	High	8	58	2	72												
24	75	Low	7	94	2	67												
31	92	Medium	7	55	3	74												
10	74	Medium	10	99	2	66												
17	67	High	9	94	2	66												
16	61	High	6	92	4	66												
24	75	High	9	70	5	71												
14	96	Low	9	76	0	66												
25	70	High	8	73	1	65												
28	68	High	8	99	1	69												
24	99	Low	8	52	1	69												
22	61	Medium	5	69	2	63												
14	91	Medium	5	98	0	68												
15	73	Medium	8	68	1	64												
27	61	Medium	5	70	2	64												
25	97	High	5	82	1	73												
20	66	High	4	95	2	66												
17	82	High	6	65	4	67												
8	71	Medium	8	97	3	63												
14	63	Medium	8	64	1	61												
31	62	Medium	8	91	4	71												
12	65	Medium	6	64	1	61												
21	63	Low	7	54	1	62												
26	90	High	8	91	1	74												
12	79	Medium	8	73	2	65												
21	74	Low	6	70	2	64												
26	77	Low	7	71	1	66												
20	97	High	4	81	1	72												
37	96	Medium	7	63	0	76												
10	89	Medium	6	62	4	67												
26	95	High	9	74	3	71												
19	73	Medium	6	52	1	65												
25	75	Low	7	82	3	68												
23	85	Medium	6	91	1	68												
16	85	Low	6	86	3	67												
21	79	Low	8	73	1	64												
9	76	High	6	78	0	60												
24	99	Medium	10	51	1	70												
22	93	Medium	4	96	1	73												
24	77	Medium	8	78	2	69												
26	89	Medium	7	66	0	70												
22	71	Medium	7	65	1	64												
21	64	Low	7	83	2	64												
15	74	Medium	8	79	0	65												
16	76	Medium	7	59	0	62												
27	61	Medium	9	70	0	64												
29	93	Medium	7	84	0	72												
19	74	Low	5	65	1	64												
20	83	Medium	7	75	0	67												
15	63	High	9	63	4	64												
27	67	Medium	6	54	0	61												
24	96	High	5	69	1	72												
32	84	Medium	8	87	2	70												
15	98	High	8	61	4	70												
18	100	Medium	6	88	2	71												
21	75	High	7	83	1	68												
24	72	Medium	7	75	3	68												
19	94	High	7	99	0	70												
15	100	High	8	94	2	73												
25	85	Medium	6	78	2	69												
24	92	High	8	78	0	71												
15	91	Medium	6	64	1	64												
28	74	Medium	9	96	0	68												
27	83	Medium	10	95	0	69												
21	93	Low	6	87	1	70												
20	88	Medium	5	56	1	67												
23	61	High	8	85	1	66												
15	73	High	7	63	2	65												
20	66	High	8	59	4	66												
7	69	Medium	6	88	0	61												
25	96	Medium	7	98	0	71												
11	61	Low	6	55	5	60												
29	69	Medium	7	58	1	66												
18	72	Low	5	61	1	61												
19	85	Medium	7	98	2	68												
16	81	High	5	85	2	68												
18	69	Medium	6	84	2	65												
29	67	Low	7	75	3	65												
5	69	Medium	8	77	2	60												
28	80	Medium	8	65	2	67												
22	71	Medium	8	58	2	65												
13	98	Medium	5	89	1	70												
14	79	Medium	9	74	1	64												
30	62	High	6	63	2	68												
14	89	Medium	6	82	2	69												
13	73	High	7	60	0	65												
27	86	Medium	6	74	2	71												
22	71	Medium	8	60	1	65												
14	83	High	8	88	0	65												
21	91	Medium	6	66	0	68												
14	97	Low	7	72	1	66												
27	70	Low	7	88	1	65												
26	73	High	8	83	2	71												
23	79	Medium	6	70	3	68												
22	97	Medium	6	54	2	70												
31	96	Low	5	96	3	74												
20	64	Low	6	50	0	62												
13	65	High	5	87	1	61												
23	80	High	6	97	0	70												
33	64	Medium	9	65	0	65												
14	74	Medium	8	54	2	62												
18	66	High	9	62	2	65												
22	85	Medium	6	66	0	68												
20	98	High	4	73	2	70												
14	100	Low	7	76	1	68												
27	75	Medium	10	86	3	69												
34	84	High	6	95	1	73												
21	94	Medium	7	73	1	71												
15	65	High	5	87	0	63												
11	88	Medium	7	56	2	66												
22	76	Low	7	66	1	67												
27	68	High	4	56	0	64												
23	76	Low	5	85	1	66												
20	63	High	5	95	2	69												
16	88	High	5	94	4	72												
13	70	High	6	66	1	63												
25	72	High	8	62	2	67												
25	65	Medium	6	64	1	64												
11	95	Medium	9	64	4	68												
30	80	High	6	54	1	71												
23	83	Low	7	57	2	67												
28	83	Low	8	61	1	67												
12	76	Medium	9	50	2	64												
12	68	Low	6	52	5	63												
19	90	High	8	85	2	72												
23	65	Medium	6	81	2	63												
31	64	Medium	10	97	2	67												
24	88	Medium	5	70	1	68												
19	68	High	8	72	2	64												
14	72	High	9	53	4	65												
27	79	Low	5	58	2	68												
14	78	High	8	85	2	66												
30	88	Medium	6	62	4	73												
18	85	Medium	10	89	1	68												
30	86	High	4	85	2	72												
24	89	Medium	5	87	3	70												
19	72	Medium	5	85	1	66												
17	73	Medium	5	85	3	66												
18	78	Low	8	77	2	66												
23	72	Low	10	84	2	65												
20	99	Low	9	76	2	71												
16	93	Medium	7	60	1	66												
19	67	Low	7	61	1	63												
20	60	Medium	6	70	2	63												
7	62	Medium	8	51	0	58												
23	70	High	7	94	3	68												
14	65	Medium	7	63	2	61												
13	81	High	6	53	2	65												
10	94	Low	5	71	1	67												
9	89	High	7	91	1	67												
12	69	Low	7	70	1	62												
16	76	High	6	63	0	86												
32	80	Medium	6	77	0	71												
17	92	Medium	8	79	1	70												
21	94	Medium	8	88	1	71												
22	96	Low	10	90	2	71												
21	80	High	9	85	1	70												
20	88	High	5	50	2	67												
13	64	Low	7	50	0	60												
29	83	High	5	99	0	73												
31	70	Low	4	63	1	67												
10	77	High	10	64	1	62												
14	85	High	9	87	0	67												
18	70	Low	6	79	1	65												
14	62	Medium	9	73	1	61												
23	60	Medium	9	56	0	61												
16	61	Medium	4	54	1	60												
33	60	High	8	85	4	68												
27	64	Medium	6	56	0	65												
21	70	High	8	72	3	67												
26	69	Low	10	87	2	67												
27	99	Medium	9	96	0	74												
17	72	Medium	7	94	4	64												
15	65	High	9	93	2	64												
20	82	Low	4	68	2	67												
25	94	High	8	96	6	74												
21	87	Medium	8	84	1	69												
11	72	Medium	8	94	1	62												
15	82	Medium	6	54	1	66												
20	89	High	8	52	2	69												
20	89	Medium	8	71	1	68												
32	87	Medium	4	91	2	74												
12	95	Medium	7	70	4	68												
23	95	Medium	6	94	2	73												
29	83	Low	8	62	4	70												
34	77	High	9	52	0	69												
18	86	Medium	6	88	2	68												
23	93	High	5	81	2	71												
23	60	Medium	7	72	3	64												
21	100	Medium	5	92	3	71												
19	67	Medium	7	91	1	65												
23	79	Medium	7	66	1	68												
5	95	High	8	92	1	67												
24	69	High	7	67	2	67												
21	79	Low	7	81	2	67												
19	65	High	9	60	1	63												
32	76	Medium	7	63	0	68												
16	67	High	6	72	1	66												
18	75	Medium	7	66	1	67												
32	75	Low	6	56	3	68												
15	100	Medium	5	74	2	72												
17	100	Medium	5	76	3	70												
19	65	High	9	58	3	62												
25	89	Low	6	59	2	69												
21	62	Low	7	51	0	61												
12	61	Low	7	52	2	58												
17	64	Medium	7	68	5	63												
16	99	Medium	9	57	4	71												
20	98	Medium	7	96	1	70												
23	68	Medium	6	60	1	64												
23	66	Low	6	53	2	63												
9	70	Medium	8	70	1	63												
26	81	Low	8	60	2	71												
22	83	High	8	53	0	65												
28	69	High	7	88	2	68												
23	90	High	5	78	1	70												
27	72	High	8	53	3	68												
23	97	High	7	73	3	69												
28	86	Medium	7	52	0	70												
23	77	Medium	5	68	0	67												
19	92	High	6	68	2	69												
34	93	Medium	6	91	2	73												
25	72	Medium	8	87	3	68												
23	74	Medium	8	95	2	67												
12	97	High	7	57	0	67												
12	67	High	8	77	2	64												
22	62	Medium	9	51	2	63												
21	78	High	8	91	1	67												
16	92	High	8	68	1	70												
21	91	Medium	6	53	1	71												
30	97	High	6	66	1	74												
24	81	High	9	64	2	70												
13	64	Low	6	88	1	59												
19	84	Medium	8	56	0	64												
15	91	Medium	10	78	2	67												
18	64	Medium	8	90	1	63												
18	67	High	7	87	5	66												
17	60	Medium	5	97	1	62												
12	84	Medium	7	50	3	65												
19	95	High	9	68	3	73												
17	87	High	7	68	1	70												
2	99	Low	9	52	0	62												
32	63	High	8	91	2	68												
27	96	Low	7	84	1	74												
18	93	Medium	7	76	2	96												
20	73	High	5	70	1	66												
13	99	High	6	95	0	69												
30	72	High	6	63	1	70												
31	96	Low	8	67	2	73												
21	95	Low	7	98	1	69												
26	90	High	9	53	1	71												
21	83	Low	7	89	0	65												
12	65	Low	6	86	1	62												
18	81	High	6	95	1	69												
21	74	Medium	6	55	3	65												
17	92	Medium	7	99	1	68												
19	90	Low	6	51	1	65												
19	96	High	5	67	4	72												
20	61	High	9	54	2	67												
20	92	Low	7	53	2	68												
14	98	Medium	7	98	0	68												
16	92	Medium	6	86	2	66												
12	65	High	5	75	0	62												
26	63	Medium	7	55	2	65												
7	61	High	4	76	1	60												
27	85	Medium	8	66	2	70												
28	85	Medium	6	64	1	68												
18	99	High	7	81	1	72												
4	76	Medium	8	90	2	63												
18	73	High	7	72	1	63												
20	85	Medium	5	75	1	67												
14	93	Low	9	83	4	68												
17	97	Medium	5	56	2	69												
29	92	Medium	4	91	1	75												
24	77	Medium	8	92	0	67												
14	85	High	5	77	2	69												
10	94	Medium	9	59	0	65												
18	80	High	8	75	2	65												
19	69	Medium	7	55	1	63												
23	67	Medium	6	88	2	65												
17	60	Low	6	66	0	58												
23	89	High	6	66	0	70												
32	64	Low	6	97	1	66												
25	70	Low	9	71	2	63												
20	72	Low	6	89	1	62												
19	82	Medium	8	82	2	69												
18	76	Medium	9	66	1	66												
27	87	Low	6	56	0	68												
16	62	Medium	8	90	2	62												
20	65	Medium	6	88	0	64												
20	80	High	7	58	0	65												
17	73	High	6	62	2	64												
12	72	Medium	6	88	2	65												
22	63	Medium	7	99	3	65												
20	96	Medium	5	92	0	70												
23	88	High	8	84	2	71												
17	65	Medium	5	96	2	65												
27	63	Medium	5	64	1	67												
15	99	High	7	50	4	68												
30	87	High	6	66	1	73												
10	77	High	8	99	0	64												
23	88	High	7	94	3	71												
23	90	High	5	53	2	70												
15	91	High	8	75	4	68												
23	79	Medium	7	54	2	68												
28	77	High	7	89	3	68												
7	60	High	10	69	0	59												
23	97	Medium	9	96	2	74												
5	84	Medium	7	53	1	62												
14	68	Low	5	87	2	64												
30	97	High	5	70	0	76												
17	97	Medium	9	63	2	70												
13	100	Medium	6	76	0	69												
19	95	Medium	7	74	0	69												
32	100	High	5	67	4	74												
9	70	Medium	8	82	2	62												
14	94	Medium	9	83	2	70												
29	93	Medium	9	54	4	71												
31	69	Low	6	80	4	68												
19	64	Low	8	86	3	66												
13	99	Medium	7	54	3	67												
33	72	Medium	8	83	3	71												
30	95	Medium	7	90	3	74												
24	60	Medium	6	92	3	65												
15	61	Low	9	52	1	60												
20	79	High	7	85	2	69												
19	70	Medium	6	90	2	65												
22	88	Low	7	70	3	69												
29	83	Low	6	77	1	70												
25	63	Low	8	63	0	65												
14	67	Low	7	66	0	57												
28	76	Medium	6	75	0	68												
22	67	High	10	58	2	67												
24	92	Medium	5	69	2	70												
29	77	Medium	8	65	1	68												
13	64	High	7	62	1	62												
20	79	Medium	5	74	1	67												
17	64	High	6	92	0	66												
11	65	Low	5	62	2	60												
22	70	Low	10	83	0	65												
35	94	Medium	7	63	1	75												
9	97	Medium	7	57	4	67												
20	93	High	10	97	1	71												
24	73	Low	6	82	0	63												
21	71	Medium	9	55	2	67												
19	82	Medium	8	82	2	68												
12	89	Low	4	59	2	65												
21	100	High	6	94	1	72												
15	65	Medium	8	62	1	61												
7	62	High	7	90	1	60												
27	88	High	7	60	2	72												
26	93	Medium	6	78	2	72												
20	94	Medium	6	96	2	70												
21	87	Medium	7	65	2	67												
26	98	Medium	10	54	0	71												
21	80	Low	6	78	0	66												
25	97	High	6	59	0	72												
18	99	Medium	7	86	1	70												
28	94	Low	5	80	2	71												
22	72	Low	8	67	2	64												
21	68	Medium	5	85	3	66												
12	82	Low	5	62	2	64												
22	78	Medium	5	96	0	67												
15	95	Low	5	67	3	67												
16	64	Low	9	88	1	64												
15	70	Medium	8	63	0	61												
14	90	High	8	86	4	99												
33	64	Medium	8	52	3	67												
28	73	High	7	65	3	72												
32	75	Low	7	55	1	66												
13	85	High	9	73	3	68												
20	66	Low	9	72	1	64												
12	94	High	5	68	1	69												
16	78	High	10	99	0	65												
14	97	High	5	62	1	66												
27	79	High	6	90	3	73												
18	71	Medium	7	72	0	63												
26	66	Medium	7	67	3	66												
24	60	Medium	10	60	3	65												
34	81	Medium	9	82	1	71												
11	64	Low	8	67	1	58												
28	76	Medium	9	91	0	68												
27	84	Medium	8	98	0	69												
14	71	Low	6	61	0	63												
26	67	Medium	8	56	1	66												
22	91	Medium	7	66	0	69												
19	98	Low	6	73	3	69												
15	64	Medium	9	65	2	63												
16	66	High	7	99	1	65												
32	98	High	5	89	2	76												
20	62	Medium	6	98	0	67												
25	99	Medium	8	69	1	70												
15	60	Low	9	65	1	60												
15	95	Low	8	70	2	68												
26	72	Medium	8	76	1	68												
12	98	High	6	87	2	70												
18	73	High	7	94	1	68												
20	86	High	7	73	3	69												
21	63	Medium	7	64	0	62												
19	70	Low	7	66	1	64												
22	91	Medium	6	85	2	71												
24	81	Medium	8	78	1	68												
24	97	Medium	5	74	0	72												
14	77	Medium	5	60	1	64												
18	95	High	6	94	6	73												
27	78	High	8	89	0	69												
25	99	Medium	8	57	1	70												
12	98	High	4	68	3	69												
22	73	Low	8	77	1	64												
8	95	Medium	7	73	2	66												
20	94	Medium	6	70	1	69												
31	68	Medium	7	86	1	68												
14	85	Low	5	53	4	65												
15	63	Low	7	74	4	62												
25	93	High	5	63	2	75												
11	67	Medium	6	54	0	60												
16	63	High	6	73	0	63												
24	76	Low	8	59	2	66												
16	83	Medium	7	63	0	67												
19	94	Medium	8	75	1	68												
24	99	Medium	5	99	0	72												
23	78	Medium	7	84	0	66												
22	62	Medium	8	64	0	63												
18	90	High	9	69	1	71												
22	83	Medium	5	70	2	67												
19	78	Medium	6	58	1	66												
23	72	Medium	8	58	2	66												
17	80	High	9	57	4	68												
19	74	Medium	7	76	1	66												
14	90	Medium	5	84	0	68												
20	82	Medium	5	80	3	68												
15	95	Medium	7	99	0	68												
13	82	High	8	56	2	66												
22	70	Low	7	99	1	66												
21	94	High	5	73	0	70												
25	82	Medium	9	61	1	68												
17	68	Medium	6	97	2	65												
22	85	High	8	73	1	70												
23	74	Medium	4	67	3	66												
23	94	High	9	61	0	68												
15	78	Medium	6	63	1	64												
21	89	Medium	9	99	0	69												
22	64	Medium	8	65	2	65												
20	76	High	5	99	3	69												
7	99	High	7	67	1	66												
21	92	Low	9	62	1	68												
33	66	Medium	6	59	3	70												
18	71	Medium	9	71	1	65												
16	73	Medium	8	62	0	65												
22	86	Low	9	85	1	68												
22	90	Medium	7	62	0	67												
27	90	High	7	92	0	72												
12	80	High	10	92	1	70												
24	92	High	8	64	1	72												
24	77	High	7	88	1	71												
19	65	Medium	8	93	1	64												
22	83	High	6	80	2	69												
26	98	Medium	7	68	4	73												
25	92	High	9	72	1	70												
13	83	Medium	7	89	1	68												
25	86	Medium	6	65	2	71												
20	97	High	6	67	1	71												
20	77	High	7	58	0	66												
20	73	High	6	70	3	68												
19	99	High	5	54	0	70												
27	95	Medium	5	66	3	72												
19	73	High	9	69	1	66												
13	79	High	7	63	3	65												
18	77	High	7	55	3	66												
21	66	Medium	6	76	3	65												
27	98	Low	6	93	0	72												
24	76	Medium	6	67	2	68												
15	95	Medium	7	62	0	68												
35	68	High	5	64	0	67												
22	82	Medium	9	93	2	68												
28	61	Medium	7	76	1	67												
19	91	High	7	57	3	69												
23	83	Low	8	85	2	65												
25	85	Medium	8	58	2	70												
27	62	Medium	6	53	1	64												
26	68	Medium	8	63	2	66												
25	63	Medium	8	58	1	64												
18	72	High	7	80	1	66												
17	85	Medium	9	74	1	67												
22	83	Low	8	86	3	68												
26	84	Medium	8	76	5	71												
19	82	Low	9	71	1	67												
26	71	Medium	7	76	3	69												
29	70	Low	7	72	1	67												
15	65	High	8	52	4	61												
15	94	Medium	7	84	0	68												
19	85	Low	8	98	2	67												
22	67	Medium	6	71	1	64												
17	67	Medium	4	71	3	63												
28	95	Medium	8	52	3	72												
23	90	Medium	5	95	2	69												
20	86	High	6	96	1	66												
11	76	Medium	8	91	1	64												
12	70	Medium	8	55	2	61												
22	99	High	9	95	2	71												
7	92	Medium	4	51	0	63												
26	72	Low	7	72	2	65												
19	94	Low	7	75	2	71												
39	90	High	8	92	2	78												
34	72	High	9	88	1	73												
19	77	Medium	5	90	1	65												
19	67	Medium	7	93	0	66												
26	64	Low	8	74	3	66												
30	89	Medium	6	89	3	74												
10	71	Low	10	53	4	62												
9	93	Low	6	72	1	66												
16	100	High	7	52	4	71												
23	63	Medium	5	96	2	67												
23	79	Low	7	98	0	69												
26	92	High	4	54	2	72												
13	92	High	7	77	2	72												
6	90	Medium	9	66	2	65												
25	74	High	5	67	1	71												
15	78	Medium	5	73	0	64												
8	84	Low	9	56	1	61												
21	99	Low	9	59	1	69												
25	73	Medium	5	79	1	65												
19	97	Low	10	51	3	69												
17	71	Medium	8	80	2	64												
19	100	Low	9	66	1	69												
18	87	Medium	6	92	1	68												
12	79	Low	9	80	1	63												
16	85	Medium	7	85	1	66												
23	71	Medium	7	56	1	65												
22	71	Medium	8	63	2	66												
21	65	Medium	6	100	3	67												
14	65	High	5	72	3	62												
19	74	High	7	68	2	66												
7	91	Medium	7	94	3	68												
21	84	Medium	6	52	2	68												
29	64	Medium	9	77	0	63												
11	94	Low	10	61	1	66												
16	84	Low	6	68	3	65												
22	98	Medium	7	60	1	72												
28	87	Medium	6	52	4	70												
17	67	Low	10	71	1	63												
16	79	Medium	8	89	0	65												
8	86	Low	8	98	1	65												
21	61	High	9	81	1	66												
32	61	Medium	7	69	0	68												
22	65	Low	7	88	2	64												
20	70	Medium	9	75	3	66												
22	77	Medium	8	68	3	68												
20	79	Medium	6	59	0	64												
15	66	Medium	6	90	2	62												
25	87	Medium	6	75	0	67												
21	84	High	9	98	1	67												
20	72	Medium	9	90	1	65												
14	61	Medium	10	71	2	59												
28	63	High	6	87	0	66												
24	76	Low	7	73	4	68												
17	66	Medium	6	54	2	63												
26	75	Low	7	76	2	68												
17	85	Low	8	93	2	68												
15	82	Medium	7	93	3	66												
15	69	Low	9	79	1	63												
9	74	Low	6	69	3	61												
23	85	Medium	8	51	0	68												
9	94	Low	6	66	0	66												
13	90	High	4	99	1	69												
8	82	High	5	86	0	64												
19	74	Medium	7	86	1	68												
19	75	High	10	88	0	66												
18	95	Medium	6	81	0	68												
14	62	High	7	79	2	62												
13	100	Low	8	73	1	68												
23	87	High	6	72	1	69												
17	87	High	6	94	2	70												
22	62	Medium	7	70	4	65												
15	84	Medium	6	92	3	68												
21	79	High	4	92	0	67												
28	64	Medium	6	89	0	64												
24	71	Medium	8	52	2	63												
18	96	Low	8	57	1	67												
22	82	Low	9	66	1	66												
19	77	Low	9	92	2	67												
20	63	Medium	6	94	2	63												
18	89	Medium	6	52	3	69												
19	88	High	6	66	3	70												
21	85	Medium	7	93	0	70												
14	80	Medium	6	62	0	65												
14	77	Low	7	99	2	64												
12	84	High	6	74	1	67												
10	69	Medium	8	97	1	61												
13	98	High	6	71	1	70												
21	84	Low	6	66	2	68												
15	72	Medium	8	68	0	64												
23	78	Medium	8	94	1	68												
20	92	Low	7	67	1	68												
8	66	High	8	83	0	63												
24	72	Medium	8	73	1	65												
25	87	Medium	10	97	4	69												
14	73	High	8	58	2	63												
23	92	Medium	10	71	1	69												
15	65	Low	7	56	3	61												
21	91	High	9	79	2	69												
12	63	Medium	9	70	1	62												
9	61	High	7	53	0	58												
18	96	High	6	92	2	71												
19	83	Low	6	69	5	69												
18	74	Medium	8	75	1	68												
13	69	Low	5	70	0	61												
18	85	Medium	6	74	3	67												
22	80	High	9	51	2	68												
20	100	Medium	8	91	3	72												
21	99	Low	4	67	1	71												
16	85	Medium	5	86	3	67												
27	78	Medium	10	53	3	68												
13	80	Medium	9	76	0	64												
23	87	High	6	95	3	73												
27	64	Medium	5	70	0	65												
23	73	High	5	60	1	67												
19	63	Medium	8	55	0	63												
17	63	Medium	10	93	0	63												
26	68	Medium	10	62	4	69												
11	79	High	5	99	1	68												
14	91	Medium	7	62	2	68												
18	79	High	6	74	3	69												
27	73	High	7	73	5	73												
22	63	High	5	53	3	66												
14	82	Medium	6	77	3	68												
18	71	Medium	6	84	2	65												
16	85	Medium	8	87	4	67												
16	99	Medium	6	76	2	70												
26	64	High	6	91	1	66												
12	68	High	8	88	3	64												
30	79	High	9	60	1	69												
25	99	Medium	10	70	1	71												
27	91	Low	8	57	0	68												
17	96	Medium	7	57	2	68												
19	73	Medium	9	86	0	66												
11	100	High	9	77	2	70												
17	64	High	8	80	0	65												
23	62	Low	5	87	1	63												
28	94	Medium	9	64	0	70												
13	97	Medium	8	70	0	67												
18	64	Medium	6	80	1	63												
19	65	Medium	6	55	1	64												
12	61	Medium	8	92	2	60												
24	64	Medium	4	67	0	62												
16	68	High	7	83	2	65												
19	99	Low	6	100	0	69												
17	87	High	6	74	1	68												
15	91	Medium	6	61	1	66												
20	91	High	5	61	4	72												
19	81	High	9	53	2	68												
18	92	Medium	4	88	3	69												
16	84	Medium	7	65	1	65												
22	73	Medium	6	59	0	65												
30	82	Medium	10	86	2	70												
21	81	Low	7	65	1	67												
26	93	Medium	4	80	4	73												
12	99	High	8	71	2	70												
21	76	Medium	5	67	1	66												
13	91	Medium	8	74	1	68												
11	64	Medium	8	66	2	61												
16	91	High	9	94	0	70												
27	75	Low	7	54	2	66												
26	62	Medium	8	52	4	67												
21	75	High	7	70	1	69												
11	84	Low	6	59	2	64												
19	65	Medium	9	87	0	65												
22	97	Medium	5	68	7	75												
21	63	Medium	7	63	2	63												
9	97	Medium	6	68	5	69												
15	88	High	8	61	2	68												
20	73	Low	6	65	2	66												
23	76	Medium	6	78	2	66												
7	90	Medium	7	93	4	66												
19	84	Medium	9	69	2	68												
21	87	Medium	6	66	1	65												
25	76	High	6	89	3	70												
24	80	High	5	51	3	68												
23	100	Medium	6	65	1	70												
15	69	Medium	8	73	2	61												
9	77	Low	7	80	3	61												
18	72	High	7	58	6	64												
26	91	Medium	10	72	4	71												
28	91	Medium	4	78	1	72												
24	72	High	10	76	1	66												
23	63	Medium	9	79	0	63												
22	60	Low	7	83	3	62												
17	77	Medium	8	69	3	65												
19	76	Medium	6	53	2	66												
30	100	High	7	53	2	72												
14	79	Medium	10	93	2	68												
30	70	Low	6	84	2	70												
18	96	Medium	7	88	1	70												
28	80	High	6	96	2	73												
12	84	High	6	88	2	67												
24	64	Low	6	85	3	65												
16	75	Low	5	83	1	65												
12	98	Medium	7	63	0	65												
21	84	Medium	7	98	0	70												
26	74	Low	6	77	3	66												
15	85	Medium	4	61	0	65												
11	96	High	7	60	2	68												
19	71	Medium	7	91	3	66												
19	80	Medium	10	63	1	65												
23	98	High	7	52	2	71												
26	67	Medium	8	71	2	65												
20	89	Medium	6	91	0	70												
31	85	Medium	9	71	0	69												
21	87	Medium	6	90	3	71												
18	74	High	8	91	0	67												
10	73	Medium	8	93	3	64												
18	87	Low	8	79	1	82												
18	69	High	10	85	2	66												
26	77	Medium	6	63	1	66												
23	68	Medium	9	55	1	65												
13	60	Medium	9	77	2	61												
21	99	High	7	51	2	72												
24	77	Medium	10	73	3	70												
29	99	Medium	7	55	0	71												
25	66	Medium	7	55	4	84												
25	83	High	7	94	2	72												
20	68	High	5	82	1	67												
22	92	Low	8	82	2	72												
27	91	High	8	70	1	70												
12	65	High	7	71	1	62												
18	96	Medium	10	65	3	71												
15	68	Medium	6	72	3	62												
22	85	Medium	4	79	1	68												
27	99	Medium	10	59	2	74												
16	95	High	9	63	0	68												
6	98	Low	8	75	1	64												
18	74	Medium	6	69	0	65												
25	64	Low	8	91	1	66												
23	68	High	5	91	5	68												
23	80	Medium	7	67	2	67												
18	92	Medium	6	73	1	67												
12	66	High	7	99	2	63												
23	86	High	8	91	2	71												
15	73	High	5	61	1	63												
33	74	Low	8	64	0	66												
23	86	Medium	7	54	2	67												
17	79	High	8	84	0	66												
16	92	Medium	7	66	2	70												
19	66	Medium	8	77	3	64												
19	92	Medium	6	88	1	71												
27	63	High	4	92	0	68												
21	68	Medium	5	66	2	64												
16	86	Medium	6	62	1	66												
31	94	Medium	5	92	1	72												
20	70	Medium	9	69	2	66												
25	73	High	7	91	0	70												
16	81	Medium	8	57	1	66												
22	68	Medium	8	96	1	68												
22	92	Low	7	74	2	70												
9	91	Medium	10	59	0	64												
32	66	High	10	77	3	71												
28	79	High	9	94	2	72												
18	91	Medium	6	69	5	71												
13	73	Low	9	59	0	63												
22	85	Medium	4	79	1	68												
21	62	Medium	9	92	1	63												
22	84	Medium	4	56	0	66												
21	66	Medium	7	52	1	63												
23	93	High	9	53	1	72												
29	74	High	8	62	3	70												
23	71	Medium	5	50	1	65												
14	94	High	7	71	0	67												
28	62	High	8	85	2	66												
30	76	Medium	7	86	1	69												
39	75	High	6	82	1	73												
13	71	High	8	65	2	66												
21	96	Medium	9	87	0	70												
8	90	High	7	79	2	68												
23	63	Medium	9	93	2	65												
17	89	Medium	7	74	1	67												
32	81	Medium	6	59	2	71												
15	96	High	9	82	2	70												
10	73	Low	9	58	5	61												
17	83	Medium	6	98	0	69												
8	80	Medium	6	85	1	63												
25	80	Medium	10	88	0	67												
8	78	Medium	7	84	0	65												
20	68	Medium	7	55	0	63												
8	90	Medium	7	73	3	67												
18	78	High	9	83	2	66												
30	98	Medium	10	61	0	72												
22	70	High	7	84	3	68												
15	87	Medium	10	91	1	67												
20	98	Medium	6	64	1	72												
20	87	High	7	60	0	66												
23	95	Medium	8	94	1	73												
12	93	High	6	50	4	71												
24	74	Low	8	63	1	65												
4	84	Medium	6	70	5	65												
16	66	Medium	5	84	2	65												
17	81	Medium	4	100	2	68												
24	69	Medium	7	69	7	70												
20	90	Low	8	97	1	68												
12	81	Medium	5	68	0	62												
14	76	Medium	7	85	3	66												
21	71	Medium	7	58	3	65												
20	100	Medium	7	73	1	71												
17	63	Medium	6	94	0	61												
17	62	Medium	7	66	2	63												
24	69	High	7	55	3	67												
17	99	Medium	8	76	2	70												
19	99	Medium	5	72	3	73												
33	86	Medium	7	61	1	72												
11	95	Medium	5	95	1	69												
9	69	Medium	7	80	1	61												
25	99	Medium	5	67	1	71												
16	66	Medium	6	100	1	64												
18	64	Medium	7	57	1	61												
15	64	Medium	6	92	3	63												
18	83	Low	9	62	2	65												
30	91	Medium	9	62	3	73												
25	75	Low	8	75	2	68												
25	99	Medium	8	83	1	72												
12	77	Low	7	85	1	62												
13	66	Medium	9	51	3	63												
3	79	Medium	7	64	0	58												
15	87	Medium	10	83	1	68												
26	93	High	6	94	1	74												
23	78	Medium	5	83	1	68												
19	84	Medium	5	63	1	67												
20	71	Medium	5	75	0	65												
16	86	Low	5	82	0	63												
21	99	Low	7	57	2	71												
25	62	Low	8	77	0	62												
10	95	Low	7	74	2	66												
22	82	Medium	5	67	1	65												
26	70	Medium	6	81	0	66												
18	98	Low	8	82	3	71												
24	79	High	6	99	2	68												
37	73	High	6	71	0	72												
19	67	High	5	77	1	66												
22	70	Low	6	58	4	66												
16	93	High	6	77	2	67												
21	85	High	7	52	5	71												
23	97	High	8	57	2	72												
21	69	Medium	7	59	3	64												
14	65	High	7	82	1	60												
21	60	Low	8	78	2	64												
29	80	Low	5	90	2	70												
23	100	Low	10	73	3	72												
26	88	High	6	74	0	68												
19	72	Low	8	58	0	62												
24	95	Low	5	87	0	68												
22	91	High	7	50	2	72												
14	61	Low	7	71	0	60												
22	93	High	9	59	3	72												
14	72	High	7	89	2	65												
16	66	Low	9	84	3	63												
21	69	Low	7	85	2	66												
22	79	Medium	10	57	1	65												
13	77	High	4	83	1	65												
26	72	High	8	85	2	67												
23	67	Medium	4	50	4	65												
16	90	Medium	7	66	0	67												
11	100	Medium	9	54	1	66												
19	91	High	9	84	2	71												
17	72	Medium	8	61	1	64												
21	70	Low	7	63	0	61												
18	69	High	8	54	1	65												
8	65	Medium	10	74	1	61												
18	82	Low	7	52	1	64												
18	84	High	8	92	0	69												
24	88	Medium	6	51	4	71												
16	87	Medium	9	53	3	70												
30	72	Medium	8	82	1	70												
9	73	Medium	6	96	0	62												
28	87	Medium	8	95	2	73												
19	74	High	8	54	0	66												
25	69	Medium	8	64	1	66												
20	75	Medium	7	76	3	66												
27	71	Medium	9	51	3	66												
18	64	Medium	6	76	2	65												
13	93	Low	7	72	2	67												
29	94	Medium	7	79	6	76												
19	69	Medium	9	96	0	66												
21	63	Medium	6	64	1	63												
27	90	Medium	7	82	0	71												
14	68	High	6	71	1	63												
24	76	Low	7	72	1	67												
16	63	Medium	8	82	0	63												
19	69	Medium	5	98	0	66												
20	92	Medium	9	93	3	72												
11	92	Medium	8	82	4	70												
15	68	Low	6	73	0	62												
28	73	Medium	6	71	0	69												
25	65	Medium	9	89	2	66												
20	63	Medium	8	61	2	64												
21	100	Medium	6	79	2	70												
18	86	Medium	6	75	0	67												
28	82	High	8	82	1	71												
19	91	Medium	8	59	1	69												
21	94	Low	8	85	1	70												
27	92	Medium	7	81	0	70												
15	61	Low	8	59	1	61												
29	67	High	7	72	0	65												
11	86	High	6	84	0	67												
30	75	Low	9	95	1	70												
18	99	Medium	8	56	2	67												
19	87	High	6	50	3	68												
9	98	High	7	58	2	69												
17	68	Medium	7	99	1	65												
14	95	Medium	6	88	2	68												
16	73	Medium	7	81	1	67												
19	100	High	6	57	1	70												
26	66	High	8	71	2	68												
21	81	Medium	7	86	1	69												
22	92	Low	5	95	0	70												
13	77	High	7	69	2	67												
15	79	High	6	100	4	70												
31	99	Low	4	57	1	74												
16	77	Low	7	69	1	63												
30	84	Medium	9	94	1	72												
19	62	Medium	7	82	0	62												
20	94	Medium	8	91	1	71												
26	86	Low	7	95	0	68												
28	76	High	6	75	3	72												
19	61	High	6	62	1	64												
18	84	Low	5	85	0	64												
20	61	High	8	78	0	63												
22	60	Medium	8	89	2	66												
25	85	Medium	7	76	2	71												
20	68	High	4	91	4	70												
24	68	Medium	8	95	3	67												
30	86	High	6	87	0	73												
22	62	Medium	7	87	2	64												
22	73	Medium	5	79	4	65												
11	66	Medium	7	74	3	62												
4	83	Medium	7	99	1	64												
22	86	Medium	4	82	1	67												
19	89	High	9	92	5	74												
17	70	Medium	7	75	1	63												
21	64	Low	7	78	1	64												
20	63	Low	8	83	4	64												
27	77	High	7	86	1	70												
21	98	Medium	8	72	3	71												
16	69	Medium	5	68	0	63												
26	70	High	7	62	0	66												
19	64	High	4	71	1	65												
23	84	High	7	61	2	70												
17	87	Low	9	71	2	65												
16	86	Medium	5	94	0	68												
21	94	High	6	99	1	72												
20	79	High	4	79	0	67												
23	65	High	7	57	1	65												
18	72	Medium	8	71	2	66												
9	86	High	8	80	1	67												
17	85	Low	6	69	1	65												
25	81	Medium	4	60	2	68												
18	87	Medium	5	61	2	68												
19	85	High	9	74	1	69												
26	95	Low	8	61	2	71												
16	83	Medium	7	62	0	64												
11	91	High	7	94	1	65												
19	70	Medium	5	89	1	64												
17	87	Medium	9	53	3	67												
14	96	High	6	66	3	70												
19	75	High	8	77	1	66												
23	91	Medium	5	53	3	70												
20	89	High	7	84	1	70												
22	62	Medium	9	69	1	64												
31	83	High	6	70	3	71												
18	65	High	8	63	1	63												
22	99	Medium	5	67	1	72												
17	92	High	6	93	4	72												
15	64	Low	7	89	0	61												
16	65	Low	8	97	2	63												
17	84	High	7	85	0	67												
22	74	Low	8	79	3	67												
34	61	Low	9	63	2	65												
16	82	Medium	6	83	0	64												
18	76	Low	5	95	2	69												
20	64	High	6	53	4	65												
22	92	High	9	72	1	71												
22	97	Medium	6	57	0	70												
28	90	Medium	9	91	0	98												
5	93	Medium	7	81	1	65												
6	69	Medium	10	94	1	63												
17	71	Medium	10	53	0	61												
27	68	Low	9	95	1	67												
11	91	Medium	5	53	0	64												
2	98	Medium	4	64	1	65												
23	89	High	7	58	2	73												
21	95	High	8	57	1	69												
13	86	High	8	59	3	67												
14	76	Medium	6	74	0	63												
14	77	High	5	89	0	67												
21	63	High	8	95	2	66												
16	61	High	10	78	2	64												
23	88	Low	6	58	2	68												
3	78	Medium	8	54	2	61												
15	82	Medium	10	75	1	66												
13	82	Medium	7	88	0	65												
18	71	High	7	81	0	65												
17	79	Medium	8	79	3	67												
25	79	Medium	7	52	1	68												
9	76	Medium	9	71	1	63												
20	93	Medium	6	78	1	70												
23	78	High	7	80	0	68												
31	84	Medium	5	50	2	69												
17	96	Medium	7	60	0	67												
22	95	Medium	5	97	0	69												
9	96	Low	8	75	1	65												
6	71	High	5	85	1	61												
25	61	High	8	65	3	65												
20	70	Medium	6	79	4	67												
27	71	High	10	68	1	66												
12	96	Medium	9	65	2	69												
23	86	Medium	8	71	3	71												
31	63	High	5	73	1	68												
23	65	Medium	6	67	3	65												
22	66	Medium	6	63	1	64												
20	85	Low	6	81	1	68												
11	89	High	9	69	1	64												
28	94	High	7	60	1	71												
16	98	Medium	6	88	1	70												
23	68	Medium	6	86	0	68												
11	72	Medium	6	94	2	63												
13	70	High	8	78	0	61												
29	74	Low	5	64	2	66												
18	97	High	7	93	5	75												
29	83	High	8	64	2	71												
20	90	Medium	4	83	1	69												
9	80	Low	5	60	2	62												
25	61	Medium	7	81	0	65												
16	63	Low	9	92	0	61												
24	82	Medium	9	77	3	69												
20	89	Low	6	74	1	66												
11	69	Medium	9	100	1	64												
21	89	Medium	7	51	1	69												
33	92	High	7	67	6	78												
23	76	High	7	96	2	68												
20	90	High	8	82	2	70												
26	76	Medium	6	77	1	68												
21	87	Low	6	82	0	68												
21	91	Medium	5	66	1	69												
13	100	Low	8	54	0	68												
21	74	Low	8	64	3	80												
26	76	Medium	8	67	1	67												
15	67	Medium	5	74	1	64												
29	68	Low	6	70	0	64												
19	88	Medium	9	76	1	68												
15	97	Medium	7	60	4	67												
26	76	Medium	7	59	0	65												
18	67	High	7	68	0	66												
25	71	Low	8	74	4	67												
18	78	Medium	7	67	0	64												
20	72	Low	6	79	1	66												
23	69	Low	8	66	1	63												
22	89	High	5	59	5	71												
8	60	Medium	9	93	0	62												
13	82	High	6	60	1	64												
26	92	Medium	8	98	2	72												
19	71	Medium	7	99	0	65												
17	84	High	6	85	1	67												
12	87	High	9	75	1	65												
14	86	Low	8	90	0	63												
8	78	High	7	94	1	65												
19	74	Medium	10	85	1	67												
16	93	Medium	8	55	0	67												
14	90	Medium	6	50	0	65												
20	73	High	4	60	1	64												
22	64	Low	7	59	0	64												
33	63	High	9	59	1	69												
11	64	Medium	8	75	1	60												
27	83	Medium	9	76	1	70												
26	62	High	6	86	2	66												
15	73	Medium	7	60	3	66												
21	90	Low	7	55	2	68												
17	72	Medium	7	83	3	62												
21	91	High	8	74	0	70												
29	90	Medium	9	83	0	72												
24	70	Low	10	69	1	64												
23	89	Medium	9	88	1	71												
17	90	High	8	84	1	67												
11	76	Medium	6	83	3	64												
19	68	High	7	51	1	64												
27	81	High	8	93	0	72												
11	97	Low	7	69	3	66												
14	86	Medium	6	57	3	68												
21	67	Medium	6	88	1	95												
14	87	Low	8	74	0	64												
15	77	Medium	7	52	1	64												
17	84	High	7	89	2	68												
12	89	Low	7	72	1	67												
14	81	Medium	6	88	1	67												
24	93	Medium	7	88	1	71												
12	89	Low	6	55	1	63												
10	85	Medium	6	81	3	66												
16	66	High	5	68	2	65												
24	93	Low	7	77	0	68												
19	97	Low	8	54	0	68												
17	65	High	9	79	0	62												
20	80	Medium	5	89	0	67												
10	70	High	9	99	1	65												
23	90	Medium	7	66	2	71												
22	89	High	5	58	4	71												
18	66	Medium	6	68	1	61												
26	95	Medium	4	51	1	70												
13	67	Low	5	70	0	60												
27	92	Medium	10	96	0	70												
21	78	High	6	60	1	67												
18	73	Medium	8	74	3	66												
20	66	Low	7	79	2	63												
19	67	Medium	7	59	3	65												
27	86	Medium	8	67	5	75												
14	82	Medium	4	96	2	66												
15	65	Medium	9	65	1	61												
26	65	Medium	7	82	1	65												
16	63	Medium	6	57	2	61												
25	90	High	8	83	2	73												
30	88	Medium	6	64	1	73												
18	62	Medium	7	62	1	63												
24	82	Medium	7	56	1	67												
13	63	High	8	52	2	62												
25	96	Low	7	98	1	71												
21	96	Medium	5	71	2	70												
23	88	Medium	8	89	0	70												
16	97	Medium	7	96	4	69												
10	92	Medium	4	60	3	66												
23	93	High	7	93	1	72												
8	83	Low	6	85	1	63												
18	72	Medium	8	79	1	65												
26	69	High	6	90	3	71												
21	73	Medium	5	56	5	66												
32	85	Low	9	63	2	69												
26	67	Medium	8	57	0	62												
16	70	High	7	95	1	66												
20	79	Low	8	55	3	66												
20	69	Low	8	99	1	64												
11	84	Medium	7	55	0	63												
14	97	Medium	5	83	0	68												
17	90	Medium	7	83	5	68												
8	87	High	9	97	2	67												
20	83	Low	8	66	1	67												
19	80	High	7	67	2	68												
10	67	Medium	8	92	1	65												
22	96	High	7	99	4	74												
24	70	High	9	52	1	85												
21	64	Medium	9	82	2	64												
18	90	Medium	5	62	3	67												
24	67	High	9	86	2	68												
24	75	Medium	10	89	0	67												
22	61	Medium	8	88	1	65												
15	65	High	8	72	2	63												
22	67	Medium	6	58	1	64												
27	62	Low	6	79	0	62												
16	86	High	7	89	1	68												
33	93	Medium	6	96	0	75												
17	75	Low	5	73	0	63												
20	95	Low	7	62	2	68												
16	69	Medium	8	56	2	63												
21	73	High	5	90	0	68												
10	66	High	7	77	0	62												
17	85	Medium	7	84	3	67												
13	77	High	7	58	2	66												
21	85	Medium	8	50	1	65												
26	90	Medium	8	98	0	69												
24	82	Medium	6	91	2	70												
6	85	Medium	9	70	0	64												
32	97	Medium	8	73	0	75												
22	72	Low	9	96	1	66												
15	74	Low	7	60	2	62												
21	89	Medium	7	90	4	70												
21	84	High	7	51	0	68												
16	67	High	9	94	1	66												
21	75	High	7	79	0	65												
16	79	Medium	7	74	3	68												
18	77	Medium	10	85	2	68												
16	67	Medium	5	53	2	62												
11	97	Medium	8	60	2	66												
21	90	Low	7	70	2	68												
24	79	Medium	7	81	0	69												
23	87	Low	6	57	2	67												
25	96	High	6	69	3	74												
22	65	Medium	6	63	2	61												
17	70	Medium	8	82	2	64												
25	82	Medium	8	96	1	69												
12	92	Medium	4	58	2	66												
15	61	Medium	5	59	0	61												
14	99	Medium	8	80	3	71												
26	78	High	8	73	2	71												
26	74	Medium	5	86	2	69												
23	72	Medium	8	64	1	66												
26	67	Medium	7	77	2	64												
15	92	Medium	8	69	1	68												
22	98	Medium	6	64	0	71												
19	77	Medium	5	86	0	66												
25	98	Medium	7	90	1	94												
19	93	High	7	66	1	68												
18	79	Medium	7	81	1	66												
23	87	Low	6	59	4	70												
25	77	Medium	10	90	1	68												
16	82	Low	4	64	1	65												
20	62	Medium	6	59	3	64												
14	88	Medium	6	97	0	69												
5	62	High	7	71	1	59												
21	93	Medium	8	82	2	70												
24	93	Low	8	90	0	72												
22	69	Medium	9	84	0	64												
8	73	High	8	78	0	63												
18	79	Medium	4	69	2	67												
7	84	Medium	5	96	1	62												
28	71	Medium	9	57	1	69												
13	84	Medium	9	94	3	66												
28	72	Low	8	85	4	66												
26	62	Medium	6	79	1	63												
15	60	Medium	7	66	2	62												
13	64	High	6	57	1	58												
22	92	Low	5	72	0	67												
15	98	Medium	7	89	2	68												
21	77	Medium	10	87	1	67												
17	81	Medium	6	82	3	67												
9	66	Medium	9	100	3	62												
7	82	High	6	99	2	66												
21	66	Medium	5	70	1	65												
17	84	High	8	60	0	67												
17	97	Low	7	73	1	69												
24	68	High	9	92	1	67												
27	91	Medium	9	73	0	69												
18	61	Low	7	67	2	62												
18	75	Medium	9	87	3	67												
23	64	Low	6	83	0	63												
12	74	Medium	6	98	2	65												
21	67	Medium	9	77	3	66												
23	75	High	5	98	3	71												
24	77	High	7	65	1	70												
8	72	High	9	93	4	68												
15	86	Medium	9	68	0	67												
15	97	High	6	90	2	71												
21	76	Medium	9	96	1	65												
23	68	Medium	5	81	1	64												
29	71	Medium	6	86	1	69												
17	94	Low	7	98	1	68												
17	83	Low	8	69	4	67												
27	78	Medium	5	76	1	71												
22	66	Low	10	95	1	64												
28	78	High	4	84	2	69												
22	71	High	7	94	1	68												
13	98	Low	7	81	1	69												
12	95	Medium	4	87	0	67												
11	63	High	9	51	0	58												
24	81	Medium	6	67	0	66												
27	69	High	7	89	2	69												
31	76	High	7	70	3	70												
25	95	Low	5	68	1	70												
27	81	Low	5	98	0	70												
17	73	High	9	78	0	66												
13	68	High	7	60	1	61												
25	92	Medium	4	74	3	71												
23	85	Low	7	76	2	69												
21	79	Medium	7	99	2	69												
22	69	Medium	7	86	0	65												
22	73	High	4	76	3	69												
28	98	High	7	72	1	74												
28	81	Medium	6	96	2	71												
23	76	Medium	7	82	0	68												
25	81	High	8	68	0	69												
23	91	Medium	8	73	3	68												
17	74	Low	9	64	2	63												
25	67	Medium	10	98	0	68												
12	83	Medium	5	85	2	67												
26	87	High	6	70	3	71												
13	89	High	8	59	0	66												
22	95	Medium	7	59	2	69												
15	75	Medium	4	74	3	68												
23	63	Medium	7	73	1	63												
20	98	Medium	9	71	0	69												
10	77	High	5	93	3	66												
23	85	Medium	7	99	1	71												
17	87	High	4	68	2	68												
25	82	Medium	8	65	0	69												
20	68	Medium	7	89	0	65												
22	90	Low	6	72	0	68												
14	92	Medium	6	61	0	67												
16	82	Medium	5	59	1	65												
17	80	Medium	9	64	1	65												
25	65	Low	6	50	2	64												
30	63	High	8	97	1	69												
15	74	Low	6	72	2	64												
26	72	Medium	10	54	2	66												
7	98	Low	9	58	2	65												
13	91	Medium	10	66	2	69												
14	86	Medium	10	78	3	66												
12	81	Medium	6	85	0	64												
10	67	Medium	6	65	1	61												
22	99	Medium	10	98	1	72												
19	75	Medium	7	88	1	67												
22	64	Medium	8	91	0	63												
24	80	High	6	66	1	69												
22	95	High	6	69	3	70												
24	95	High	8	77	1	71												
20	60	Low	4	73	0	60												
13	95	High	8	63	3	70												
26	71	High	8	100	1	69												
16	62	High	6	92	0	63												
14	94	Medium	7	62	2	69												
19	95	Medium	7	95	0	71												
15	84	High	7	79	1	68												
17	83	High	8	51	0	64												
22	93	Medium	6	67	0	68												
22	91	Medium	10	51	2	69												
15	96	Low	7	54	0	65												
17	82	Medium	7	59	3	68												
26	99	High	10	74	1	74												
23	100	Low	4	69	0	72												
32	65	Medium	10	57	1	67												
27	94	High	7	70	1	73												
27	80	Medium	6	65	1	68												
12	76	Low	5	71	0	61												
25	85	High	5	59	3	70												
20	62	Low	6	80	1	62												
17	80	Medium	7	52	2	67												
21	95	High	8	69	0	69												
26	69	High	7	95	0	93												
23	77	High	6	71	3	68												
15	98	Medium	9	72	1	69												
24	77	Medium	10	53	2	68												
16	74	High	9	80	0	64												
21	78	Medium	6	97	0	69												
18	81	Medium	8	65	2	66												
19	85	Medium	8	70	4	68												
25	92	Medium	9	79	3	72												
14	78	Medium	6	55	2	63												
32	93	Medium	6	98	0	73												
9	81	Medium	9	73	1	65												
16	74	High	8	56	1	65												
22	86	Medium	5	67	0	68												
24	89	Medium	8	69	3	70												
19	82	Medium	10	67	0	65												
20	62	Medium	6	85	2	66												
22	67	High	6	67	1	66												
19	71	High	7	66	2	65												
28	71	High	8	66	2	69												
25	87	High	7	89	1	69												
25	61	High	9	65	2	64												
14	90	Medium	7	51	1	66												
20	71	Medium	9	68	1	63												
18	72	Medium	6	64	4	68												
14	81	Medium	5	95	2	68												
22	69	Medium	6	74	1	65												
17	95	Medium	5	62	1	69												
24	63	Medium	8	99	2	66												
14	78	Medium	4	62	1	63												
30	94	Medium	6	88	2	72												
15	85	Medium	7	82	2	67												
21	72	High	5	73	1	67												
25	77	Medium	7	70	0	68												
17	88	High	7	94	2	71												
25	99	High	9	74	1	73												
13	96	Medium	5	69	2	68												
29	74	Medium	8	68	0	69												
20	100	Medium	8	64	0	69												
16	60	High	7	70	3	63												
18	61	Medium	6	56	3	62												
25	93	Medium	5	53	0	70												
16	68	Medium	10	77	1	66												
16	62	Medium	7	73	3	62												
19	69	High	7	59	2	64												
13	77	Medium	10	55	2	63												
31	89	Medium	7	57	1	71												
17	85	Medium	10	66	1	67												
25	70	High	5	73	2	67												
21	80	High	7	60	1	67												
14	97	Medium	5	88	2	71												
20	93	Medium	7	60	0	69												
25	73	Medium	7	56	2	93												
19	99	Medium	6	100	1	72												
27	88	High	7	72	1	71												
26	62	Medium	6	59	1	63												
26	61	Low	7	95	0	65												
17	67	Medium	6	62	0	61												
14	89	Low	9	96	2	66												
16	67	Medium	5	56	1	61												
21	80	Medium	7	92	1	67												
23	64	Low	5	59	3	64												
7	97	High	6	97	3	69												
20	74	Medium	6	79	1	64												
21	96	Medium	7	59	2	70												
18	98	Medium	7	92	2	73												
28	60	Medium	5	70	0	63												
23	79	Medium	6	87	2	68												
28	61	Low	6	82	0	64												
19	96	Low	5	86	3	69												
26	81	Medium	9	67	3	69												
30	63	Low	5	97	2	67												
28	64	Low	7	78	3	69												
13	75	High	10	54	1	62												
18	98	Medium	9	53	0	66												
18	88	Medium	8	87	2	68												
23	95	Low	7	92	1	71												
24	75	Low	8	85	1	66												
15	62	High	8	64	2	62												
20	99	Low	9	61	1	68												
8	61	Low	7	78	0	59												
29	98	Medium	9	60	0	70												
17	75	Low	7	69	1	66												
20	60	Medium	10	81	3	65												
18	88	Medium	7	64	0	66												
27	99	Medium	5	69	2	73												
3	99	Low	7	68	2	65												
20	66	High	8	73	0	65												
19	67	Medium	9	84	0	64												
17	83	Medium	6	89	0	69												
30	85	Medium	4	83	2	74												
15	90	High	8	51	2	68												
25	67	Medium	8	95	0	65												
22	98	High	5	79	2	72												
28	86	Medium	7	96	2	71												
16	94	Medium	7	98	0	69												
16	82	High	8	73	3	67												
27	77	High	6	96	0	71												
23	99	Low	6	68	1	68												
11	83	Medium	7	63	3	63												
17	95	Medium	5	54	2	69												
22	98	Low	10	73	1	68												
25	87	High	8	84	2	73												
16	82	Medium	6	99	3	69												
3	60	Medium	5	76	0	58												
23	62	Low	5	87	1	65												
13	68	Medium	8	95	2	63												
8	67	Low	5	77	1	59												
3	70	Medium	7	58	0	58												
25	72	Medium	4	92	1	66												
21	74	High	8	79	0	67												
19	77	Medium	8	88	3	67												
28	64	Medium	7	83	2	67												
24	62	Low	7	53	0	65												
30	87	Medium	8	58	1	71												
12	81	Medium	7	64	2	66												
20	78	High	8	64	2	68												
10	85	High	5	92	0	65												
19	93	High	8	80	1	71												
19	77	Low	7	54	2	64												
24	86	High	9	69	1	72												
20	98	Low	7	78	4	69												
24	94	Medium	7	63	1	70												
24	77	Medium	6	52	0	66												
33	86	Medium	9	69	0	70												
18	67	Low	4	73	0	62												
14	82	Medium	8	95	1	66												
21	99	Low	7	95	2	70												
15	81	Low	7	75	1	63												
29	97	Medium	7	74	1	73												
18	76	High	7	82	2	70												
17	100	High	8	63	1	71												
17	83	Medium	6	64	1	65												
24	62	Low	7	50	1	64												
19	83	Low	8	54	1	66												
16	71	Low	6	59	1	82												
30	61	High	8	82	2	68												
15	93	Medium	8	61	1	67												
20	71	High	6	56	5	68												
24	92	High	5	81	2	69												
10	72	Medium	6	83	0	63												
23	68	High	7	53	3	66												
14	99	Medium	7	89	0	68												
25	74	Medium	9	80	4	71												
14	84	High	6	70	2	69												
24	84	Medium	6	99	1	70												
27	82	Medium	8	51	3	70												
25	97	Medium	6	77	1	73												
22	87	High	6	58	0	68												
19	76	Low	6	66	1	65												
17	94	High	4	57	4	72												
29	67	Low	8	83	2	67												
16	82	Medium	8	70	4	68												
14	98	Medium	8	99	0	69												
24	85	Medium	10	83	1	70												
15	93	Medium	9	96	1	69												
14	86	High	6	62	1	68												
11	94	Medium	9	66	2	65												
17	98	High	7	68	1	70												
20	71	Low	6	92	1	65												
21	67	Low	6	61	0	61												
26	79	Low	7	97	1	69												
23	88	Low	7	52	0	67												
19	69	Medium	9	94	1	65												
19	60	Medium	8	73	3	63												
23	74	High	6	76	0	67												
28	99	Low	5	100	6	76												
21	88	Medium	8	94	0	70												
17	76	High	8	95	1	67												
14	68	High	9	79	2	66												
11	74	High	7	98	1	65												
24	67	High	8	84	0	65												
23	64	Medium	8	91	2	63												
23	96	High	5	86	3	74												
19	100	High	7	89	2	72												
28	67	High	8	82	1	68												
17	62	Low	8	86	2	62												
26	73	High	7	72	1	65												
20	78	Medium	10	85	1	69												
16	68	Low	10	64	2	61												
24	72	Medium	7	82	2	67												
22	68	High	7	76	1	66												
22	91	Medium	8	95	1	70												
20	89	High	7	84	5	72												
20	85	Low	9	80	3	69												
34	75	Medium	5	66	0	68												
27	96	Medium	7	93	2	74												
24	99	Medium	8	53	1	70												
21	67	Medium	9	95	1	67												
26	69	Medium	5	83	4	68												
23	81	Low	6	59	2	69												
20	64	Low	4	95	4	66												
18	77	Low	6	66	3	66												
20	83	High	5	58	1	68												
1	81	Medium	8	66	1	60												
21	73	Medium	7	98	0	69												
17	82	Medium	7	88	1	66												
30	98	High	7	96	1	77												
20	68	Low	9	65	1	63												
13	86	Low	5	54	3	66												
20	62	Medium	4	78	1	64												
14	63	High	8	74	1	63												
23	82	Medium	6	86	0	68												
22	64	Medium	5	77	1	65												
26	61	Medium	8	70	1	65												
15	67	High	4	50	0	64												
20	83	Medium	6	73	0	68												
12	88	Medium	4	56	0	62												
24	68	Medium	7	96	1	67												
23	87	High	9	96	1	73												
23	67	High	6	90	2	69												
20	85	Medium	6	58	0	65												
22	76	Medium	10	57	1	66												
30	86	Medium	8	78	4	73												
18	100	Medium	10	86	1	72												
21	98	Medium	7	95	3	72												
13	60	High	7	95	1	61												
15	95	Medium	9	58	2	69												
21	63	Medium	7	100	1	66												
27	98	High	7	58	1	74												
18	71	Low	4	92	1	64												
19	75	High	10	79	1	66												
18	64	Medium	8	84	2	64												
17	64	High	7	80	3	66												
22	89	High	8	93	2	72												
11	98	High	5	82	1	71												
28	84	Medium	6	92	1	70												
16	89	Medium	8	58	2	67												
24	90	High	7	93	1	71												
12	71	Low	8	100	2	63												
24	62	High	7	83	1	64												
24	60	Medium	8	99	2	64												
22	74	Low	5	61	1	65												
14	70	Medium	9	91	2	65												
21	62	Low	6	58	2	62												
13	67	High	7	76	2	65												
18	65	High	6	83	1	64												
26	97	Medium	7	83	2	74												
25	66	High	7	84	2	67												
20	82	Medium	8	66	0	66												
14	84	High	8	99	3	70												
24	82	High	8	50	0	68												
20	64	Medium	6	81	0	64												
6	73	Medium	8	93	0	58												
25	62	Medium	7	95	1	65												
20	76	High	7	86	2	68												
27	68	Medium	8	79	2	64												
13	82	High	5	73	4	66												
1	88	High	4	72	3	92												
22	81	Medium	9	71	2	69												
22	77	High	7	85	2	68												
10	75	Medium	8	87	2	63												
14	94	Medium	6	76	0	64												
37	69	High	9	87	1	68												
18	89	Low	8	76	0	67												
24	90	Medium	7	55	1	68												
16	77	Medium	7	93	1	66												
7	72	Medium	4	94	4	66												
19	79	High	8	63	4	68												
18	64	High	9	89	1	64												
18	62	Medium	7	76	2	63												
19	64	Medium	7	56	0	62												
22	67	High	7	70	2	66												
19	80	Medium	9	54	0	65												
12	94	Low	9	89	1	66												
23	69	High	6	60	2	66												
8	97	High	8	58	2	69												
8	98	Medium	7	60	1	67												
24	98	High	8	61	6	75												
23	94	Medium	6	84	0	73												
20	75	Medium	9	82	0	66												
12	63	Medium	8	56	4	61												
16	83	Medium	9	86	5	68												
18	82	Medium	5	67	1	67												
10	94	High	5	73	1	66												
16	100	High	10	56	1	69												
24	80	Medium	9	85	3	69												
29	74	High	6	69	1	67												
17	67	Medium	8	82	0	65												
25	60	Low	6	71	2	63												
9	80	Low	4	52	1	63												
24	82	Medium	4	85	1	66												
15	93	Medium	7	78	0	66												
22	80	High	9	72	2	69												
19	97	Medium	9	60	3	72												
28	85	Medium	9	81	2	70												
15	94	High	8	64	2	68												
24	66	Medium	7	71	1	66												
18	94	Medium	9	53	3	67												
19	87	Medium	4	89	0	68												
19	67	Low	8	55	0	62												
15	68	High	5	95	1	64												
20	97	Low	6	93	1	71												
20	61	Medium	8	99	0	65												
21	79	Medium	8	95	0	69												
21	73	Medium	6	99	1	65												
25	87	Medium	8	94	0	71												
26	94	Medium	8	56	1	69												
14	74	Medium	7	72	2	65												
25	77	Medium	7	54	2	66												
13	99	Medium	10	77	0	68												
24	91	High	7	76	0	72												
24	96	High	7	96	1	74												
9	78	Medium	7	98	3	64												
21	69	Low	7	63	0	64												
17	76	Medium	8	79	1	63												
15	89	Low	9	73	2	66												
28	64	Medium	7	77	1	67												
16	71	Low	6	77	4	64												
15	62	High	10	96	0	62												
20	77	Low	7	95	0	66												
24	93	High	4	56	4	71												
19	61	Low	10	67	1	63												
27	87	Medium	9	88	1	72												
23	97	High	9	84	1	71												
7	69	Medium	9	82	1	61												
17	88	High	10	100	1	71												
17	99	Medium	5	67	2	69												
23	98	High	6	76	3	74												
4	69	High	6	99	0	61												
35	64	Low	6	85	2	68												
23	66	High	7	82	1	67												
21	88	Low	6	58	3	70												
27	89	Medium	5	62	0	69												
34	87	Low	6	69	3	72												
25	73	Low	7	73	1	66												
26	67	Medium	9	75	2	67												
21	83	Medium	6	95	4	70												
19	79	High	8	55	3	68												
17	89	Medium	5	62	2	68												
15	78	High	4	57	2	65												
16	74	Low	7	87	0	63												
12	72	Low	6	99	0	62												
20	68	High	6	95	0	66												
10	71	High	6	86	1	62												
21	64	High	6	51	0	61												
20	74	Medium	6	67	0	63												
21	61	Medium	6	93	3	65												
17	67	Low	5	83	3	64												
38	90	Medium	4	60	2	74												
28	73	Medium	4	73	2	70												
13	87	Medium	10	54	2	63												
21	89	Medium	7	76	3	68												
16	83	High	9	95	2	69												
14	98	High	7	52	1	70												
12	61	Medium	7	81	2	62												
23	90	Medium	7	62	3	71												
16	98	Low	8	100	2	69												
26	94	Low	5	53	0	69												
26	67	High	6	81	4	68												
28	73	Medium	7	63	0	65												
15	67	High	4	94	1	65												
23	84	Low	9	56	1	65												
24	88	High	9	71	2	72												
17	73	Low	4	59	2	63												
15	82	High	6	90	2	68												
30	88	Medium	7	68	1	72												
21	77	Low	8	59	3	66												
24	94	Medium	9	86	2	71												
15	91	Low	6	91	0	67												
13	63	Medium	10	73	2	61												
17	85	High	7	69	4	70												
19	69	Medium	7	82	2	64												
14	82	Medium	8	83	0	64												
20	98	High	7	83	0	68												
10	95	Medium	7	64	4	70												
13	76	Medium	10	97	4	65												
24	72	High	7	61	3	67												
24	69	Low	6	69	0	65												
18	81	Medium	6	64	1	65												
14	65	High	9	97	3	65												
14	82	Low	8	91	1	66												
18	60	High	5	91	2	62												
24	73	Medium	5	50	1	63												
26	69	Low	7	84	0	63												
17	99	Medium	8	62	3	70												
13	89	High	6	98	0	67												
22	74	High	4	77	0	66												
15	64	Medium	5	78	2	63												
17	81	Low	9	68	1	66												
28	69	Medium	8	77	3	67												
25	81	Medium	9	87	1	68												
21	93	High	9	78	1	67												
12	85	High	6	82	1	66												
21	85	High	6	74	2	71												
26	82	Medium	7	86	0	69												
18	97	Low	8	95	1	72												
28	97	Low	9	53	0	70												
28	81	Medium	10	55	2	68												
30	72	Medium	8	84	1	68												
22	78	High	8	69	2	67												
24	67	Medium	10	64	1	62												
28	85	Low	7	59	1	67												
23	80	Medium	9	79	1	69												
17	64	High	8	67	3	64												
17	68	High	8	75	2	66												
21	79	Low	7	98	2	69												
12	96	High	5	88	0	70												
19	83	Medium	8	90	3	69												
27	87	Medium	8	56	3	72												
7	74	Medium	6	66	1	61												
29	83	Medium	7	55	2	68												
27	78	Medium	6	98	1	68												
17	86	Medium	6	84	0	66												
23	62	Medium	6	51	5	65												
20	80	Low	5	74	2	66												
27	72	Medium	6	63	1	67												
26	73	High	8	77	0	68												
12	98	Medium	9	59	1	67												
24	67	Medium	10	53	0	63												
19	72	Low	6	66	0	64												
20	80	Low	9	65	1	66												
16	95	Medium	8	86	0	69												
30	77	Low	7	74	3	70												
26	90	Medium	8	65	3	72												
16	94	High	9	79	2	71												
12	72	Medium	6	54	3	63												
18	76	High	6	83	1	68												
23	74	High	6	57	1	67												
21	93	Low	6	64	2	69												
28	62	Medium	9	64	1	65												
25	72	Low	6	73	4	69												
26	87	Medium	6	98	0	71												
22	83	Low	7	66	2	67												
12	77	Medium	7	64	2	64												
19	82	Medium	6	58	2	68												
26	68	Low	10	70	1	67												
20	77	Low	6	59	1	62												
23	80	Medium	7	57	2	68												
18	96	Medium	4	93	0	72												
14	70	High	7	53	0	61												
19	95	Low	5	86	0	67												
22	86	Medium	6	60	0	70												
16	61	Medium	4	51	1	59												
19	89	Medium	6	90	0	70												
14	61	Medium	7	85	1	60												
27	100	Medium	7	67	1	74												
18	95	High	6	54	0	68												
29	72	Medium	7	68	0	67												
29	70	Low	6	59	2	67												
20	75	Medium	7	97	0	66												
14	74	Medium	7	76	1	63												
7	75	Medium	7	98	1	62												
11	73	Low	7	68	3	64												
12	85	Medium	6	78	3	68												
28	67	Medium	8	60	0	65												
21	94	Low	8	90	1	71												
22	92	Medium	7	52	1	68												
7	79	High	9	85	0	62												
13	94	High	7	70	1	68												
25	70	Medium	7	79	3	68												
22	61	Medium	7	80	3	67												
19	85	Medium	7	86	0	67												
23	78	High	6	60	2	70												
30	83	Medium	4	77	0	69												
19	96	Medium	7	71	2	70												
20	99	Low	8	64	1	69												
21	85	Medium	5	75	1	70												
34	91	Low	9	98	0	72												
7	63	Medium	5	97	1	59												
24	66	Medium	6	64	0	64												
19	89	High	10	94	0	72												
23	77	High	8	94	0	70												
16	78	High	7	62	0	63												
20	72	Medium	7	80	1	66												
24	84	High	9	93	3	72												
39	67	High	5	76	2	71												
25	85	High	9	68	1	71												
15	67	Medium	6	83	3	62												
17	63	Medium	8	59	1	62												
17	73	Low	6	58	4	64												
9	69	High	10	92	2	65												
18	96	Low	7	52	1	68												
24	62	Medium	5	90	0	67												
12	67	Medium	8	65	1	61												
26	82	Low	9	74	2	68												
23	79	High	9	77	1	68												
16	62	Medium	7	88	1	62												
19	60	Low	8	94	1	62												
30	100	High	6	90	0	74												
24	86	Medium	8	79	0	68												
20	75	High	8	67	1	66												
19	79	Medium	4	76	1	67												
20	71	Medium	5	52	1	65												
17	74	Medium	7	62	2	66												
7	86	Medium	7	68	5	67												
32	95	Medium	7	66	5	76												
21	67	High	7	55	2	66												
22	94	Low	9	53	1	68												
20	65	Medium	8	71	2	63												
16	69	High	4	54	4	65												
19	61	Medium	10	64	3	63												
10	66	Medium	4	74	2	59												
34	97	Medium	8	60	2	74												
13	78	Low	5	54	2	62												
14	63	Low	9	72	3	59												
17	98	High	7	72	0	71												
28	95	Medium	8	96	1	73												
20	90	Medium	4	56	0	68												
13	97	Medium	8	81	3	68												
28	69	Medium	8	66	0	66												
24	93	High	8	56	1	69												
23	88	Medium	8	70	2	70												
24	95	High	7	71	1	74												
34	92	Medium	7	68	0	75												
33	74	Medium	6	88	2	71												
16	91	High	6	92	2	71												
30	70	Medium	9	57	1	65												
22	73	Medium	6	58	1	65												
23	64	High	4	71	2	65												
10	97	Medium	6	66	2	67												
19	72	Medium	8	91	1	67												
15	81	Medium	7	100	1	67												
25	76	High	8	59	4	71												
26	98	Low	4	88	1	72												
8	73	High	4	80	0	62												
20	91	Low	7	82	0	70												
27	94	High	9	63	0	72												
19	77	Medium	4	55	0	64												
24	75	Low	8	77	1	66												
22	90	Medium	9	81	0	69												
22	97	Medium	7	98	0	71												
18	90	Low	8	84	2	68												
13	69	Medium	7	72	2	63												
13	96	High	7	100	4	71												
24	76	Low	8	69	3	65												
20	83	High	10	58	0	66												
19	93	Low	6	81	2	68												
17	68	Medium	7	63	0	61												
18	91	High	6	96	2	71												
26	84	High	7	71	0	70												
18	96	Low	7	57	1	66												
12	67	Medium	9	57	0	61												
24	77	Low	9	82	1	67												
19	93	Medium	8	68	1	72												
20	61	High	9	68	1	65												
30	64	Medium	6	81	3	68												
20	100	Medium	6	61	3	70												
22	71	Low	8	57	1	63												
13	99	Low	7	83	1	69												
19	67	Low	10	50	0	62												
24	74	High	4	95	1	71												
11	90	Low	8	59	1	64												
21	86	Medium	8	72	0	69												
21	83	High	6	61	2	71												
20	81	Medium	6	61	0	63												
26	94	High	6	92	1	72												
22	69	Medium	5	79	1	66												
29	78	Medium	9	66	2	69												
14	66	Medium	10	63	0	60												
21	84	High	6	61	1	68												
21	70	High	6	78	3	65												
14	73	Medium	5	87	2	67												
26	79	Low	5	63	0	66												
34	61	Medium	6	67	1	68												
20	64	Medium	9	86	0	63												
23	87	High	10	87	1	73												
21	77	Medium	6	60	1	66												
16	95	Medium	6	69	2	67												
9	88	Medium	5	93	2	66												
16	60	Low	8	87	0	60												
12	85	High	8	58	1	67												
30	64	Medium	7	69	3	67												
19	91	Medium	6	99	0	70												
18	100	Low	9	76	1	69												
25	81	Low	8	86	1	68												
13	87	Low	8	55	1	67												
15	69	High	8	92	0	63												
20	78	Medium	7	80	2	70												
26	94	Medium	6	59	4	71												
23	67	High	8	69	1	67												
21	71	Medium	8	54	1	64												
20	78	Medium	8	89	0	66												
22	88	Medium	5	87	1	70												
21	75	Low	8	75	1	65												
14	97	Medium	7	73	2	68												
20	64	Low	6	73	3	65												
14	75	Medium	8	52	3	65												
20	88	Medium	7	68	0	69												
17	69	Medium	10	56	1	63												
35	86	Medium	8	59	2	70												
20	67	Low	7	98	1	64												
12	62	High	7	63	1	62												
19	65	High	5	74	1	66												
23	97	Low	9	94	2	73												
30	82	High	7	71	3	72												
16	92	Medium	7	76	0	68												
11	73	High	5	58	0	62												
25	84	Low	8	64	2	67												
12	80	Low	6	75	1	62												
17	98	High	6	68	2	72												
18	90	High	7	52	2	67												
20	89	Medium	6	70	1	68												
24	62	High	6	91	2	65												
16	82	Medium	7	56	0	79												
18	79	Low	9	51	2	66												
20	97	Medium	8	56	1	68												
21	70	Low	8	84	1	65												
21	71	High	8	90	3	67												
23	76	High	6	52	3	67												
25	70	Medium	9	94	1	67												
22	65	Medium	4	81	5	68												
23	94	High	8	76	3	72												
11	82	Medium	8	63	1	65												
20	94	Medium	7	69	0	65												
23	93	Medium	6	97	1	70												
24	71	Medium	7	96	2	67												
16	82	High	6	81	1	68												
16	63	Medium	8	79	2	63												
17	97	Medium	8	61	2	68												
23	76	High	8	98	0	69												
26	76	Low	8	88	2	66												
18	72	Medium	8	69	2	64												
25	78	Low	8	91	3	69												
21	70	Medium	6	61	1	62												
19	75	High	5	61	0	65												
19	92	Medium	7	90	1	70												
24	93	High	8	78	1	72												
22	72	Medium	5	78	1	66												
34	79	Low	7	79	3	70												
15	95	Medium	9	56	3	67												
23	62	High	7	67	1	65												
17	96	Low	9	79	3	68												
15	69	Medium	9	62	2	62												
20	87	Medium	7	75	1	68												
21	83	Medium	6	78	2	69												
38	82	Low	6	97	2	72												
19	94	Medium	7	62	0	65												
13	64	High	5	72	2	63												
22	74	High	5	99	0	68												
8	82	Low	4	59	1	62												
19	92	Medium	7	89	0	69												
20	69	Low	10	59	2	65												
25	92	Medium	4	93	3	74												
26	76	Low	7	74	4	70												
17	68	Low	7	99	2	65												
19	90	High	7	59	3	70												
15	64	Low	9	84	0	59												
13	81	Medium	6	85	1	63												
22	63	High	4	86	0	64												
12	74	High	6	55	0	63												
18	84	Low	6	64	2	67												
14	82	Medium	4	67	1	65												
23	76	Medium	7	66	2	67												
31	77	Medium	5	84	2	73												
12	69	High	7	53	2	64												
9	78	High	6	87	0	65												
19	98	High	5	76	2	72												
20	94	Medium	8	59	3	72												
21	66	Medium	7	61	2	66												
17	61	Medium	7	55	1	62												
19	97	Medium	8	73	2	68												
22	81	Low	7	80	1	67												
26	82	Low	7	79	1	69												
8	91	Low	6	98	1	67												
18	73	Medium	5	65	1	63												
21	79	Medium	7	88	0	65												
14	99	Medium	6	86	2	71												
30	87	Medium	8	53	1	70												
16	66	Medium	7	97	5	68												
20	65	Medium	8	97	0	65												
23	68	High	6	70	4	68												
16	91	Medium	5	71	2	69												
9	72	High	10	91	1	62												
17	61	High	7	75	2	62												
26	98	Low	8	90	1	72												
18	67	Medium	5	52	0	64												
15	60	Medium	7	63	0	58												
26	69	Medium	9	55	1	66												
18	69	Low	5	73	1	64												
17	77	High	10	93	3	68												
21	97	Low	7	78	0	69												
25	95	High	6	76	1	71												
34	78	High	8	68	1	71												
25	76	Medium	9	53	0	67												
27	82	Low	6	88	2	71												
17	70	Medium	6	79	2	64												
14	62	Medium	7	97	0	62												
20	98	Medium	8	72	1	70												
21	67	High	7	70	2	63												
14	68	Medium	8	99	0	66												
19	79	Medium	8	57	2	65												
22	80	High	7	63	1	69												
22	61	Low	6	74	1	63												
23	66	Medium	7	76	1	64												
22	75	Medium	10	77	2	66												
17	87	Medium	7	61	4	67												
17	69	High	9	96	2	66												
13	77	High	6	85	2	65												
31	82	Medium	7	63	2	72												
20	96	Medium	8	65	0	70												
19	73	Medium	9	94	1	67												
14	65	High	9	69	4	64												
38	80	Medium	5	78	1	72												
14	90	Medium	9	56	0	65												
17	64	Low	10	63	0	62												
22	77	High	6	71	3	67												
24	61	Medium	6	83	0	64												
26	61	Medium	7	64	0	63												
31	79	High	7	98	1	72												
23	72	Medium	6	61	1	66												
14	94	Medium	5	89	0	70												
18	84	Low	9	68	0	66												
22	78	High	6	92	1	70												
32	76	Low	6	96	0	67												
12	80	Medium	7	59	1	64												
27	62	Medium	5	75	2	67												
21	96	High	5	58	0	72												
25	100	Low	6	85	1	72												
19	67	Medium	8	92	2	68												
15	65	Medium	7	69	1	64												
25	66	Medium	4	70	1	66												
24	86	High	9	60	0	68												
26	86	Low	8	65	0	66												
20	94	High	7	66	1	70												
16	90	High	7	58	1	70												
11	78	High	8	65	0	62												
25	85	Medium	10	95	0	69												
23	88	Medium	8	66	2	69												
14	81	Medium	7	64	2	66												
17	79	High	5	69	4	68												
17	86	High	7	98	2	71												
11	82	Medium	8	88	1	64												
15	86	High	7	60	2	67												
13	85	High	6	88	2	68												
18	89	High	8	88	0	67												
16	86	Medium	6	98	1	68												
10	81	High	8	95	5	69												
32	87	High	6	55	0	71												
28	78	Low	4	73	3	68												
15	70	High	6	85	0	65												
22	60	Medium	7	99	1	63												
23	82	Medium	8	54	0	65												
27	84	High	8	68	3	72												
15	99	Medium	5	75	2	67												
27	74	High	7	71	1	69												
17	76	Medium	6	73	3	67												
12	68	Medium	6	68	2	64												
24	63	Low	6	99	0	62												
28	91	Medium	7	90	2	71												
36	70	High	10	87	2	70												
13	84	Medium	10	71	1	64												
24	88	Medium	6	94	0	69												
18	79	Medium	7	55	1	65												
25	95	High	7	57	2	73												
11	78	Low	7	98	2	64												
12	71	High	8	78	2	64												
15	96	Medium	7	58	3	70												
20	94	Low	6	97	2	70												
16	67	High	9	99	2	64												
24	61	Medium	5	94	3	64												
26	64	Medium	7	62	3	66												
24	71	High	5	64	1	66												
30	99	Medium	5	70	2	74												
22	82	High	8	79	2	69												
13	75	High	6	100	1	67												
28	96	Medium	4	98	5	73												
16	78	Medium	6	96	0	66												
25	73	Medium	6	54	2	67												
29	98	High	5	88	3	75												
23	94	High	8	94	2	73												
11	94	Medium	5	67	2	67												
14	80	Low	6	61	0	65												
28	92	Medium	7	87	1	71												
19	67	Medium	6	55	1	63												
20	83	Low	6	97	2	68												
25	99	High	6	58	0	72												
24	72	High	5	73	2	67												
22	92	High	6	99	1	71												
19	80	Low	8	99	1	67												
18	62	High	6	89	0	66												
25	91	High	7	92	3	72												
23	67	Low	9	98	2	64												
18	85	Medium	8	96	0	68												
26	63	High	5	81	0	65												
19	98	High	8	87	1	74												
15	72	Low	9	80	4	65												
15	69	Low	6	75	2	63												
14	65	Medium	5	94	5	65												
18	98	High	6	87	0	70												
27	88	High	7	93	0	71												
15	90	Medium	8	55	1	66												
21	80	Medium	6	79	2	69												
16	79	High	4	66	2	67												
18	64	High	5	76	1	64												
11	82	High	8	81	2	67												
19	70	High	10	92	1	67												
19	99	Medium	7	52	1	70												
23	92	High	9	58	2	71												
21	77	Low	5	96	2	68												
13	66	High	6	98	1	65												
27	91	Medium	4	53	1	70												
21	65	High	8	67	1	64												
21	68	High	6	50	3	67												
20	68	Low	8	88	5	63												
17	82	Low	6	84	2	65												
21	91	Medium	10	78	2	70												
23	73	High	10	85	1	67												
10	63	High	4	77	3	60												
17	79	High	8	62	1	64												
18	90	Medium	6	88	1	65												
22	69	Medium	8	89	0	64												
27	69	Low	5	93	1	67												
15	98	Medium	9	98	0	71												
17	98	Medium	9	87	0	69												
17	100	High	5	53	1	70												
15	92	Medium	7	51	1	69												
18	68	High	7	87	3	69												
25	68	Medium	8	53	2	64												
14	74	Medium	7	66	0	63												
23	73	Medium	8	57	3	67												
10	98	Medium	7	98	0	66												
17	92	High	8	66	2	69												
18	89	Medium	5	53	5	69												
30	67	Medium	7	97	2	69												
18	96	High	9	80	1	72												
7	93	High	9	52	1	65												
8	67	Medium	7	92	0	63												
20	95	Medium	7	58	1	69												
24	71	Medium	9	90	3	69												
22	63	Low	7	80	2	64												
21	86	Low	9	59	2	69												
27	86	High	7	88	1	72												
17	64	Low	7	73	1	62												
25	73	Medium	5	82	1	66												
10	100	Medium	5	93	2	65												
15	87	High	8	63	0	69												
9	89	Low	10	68	1	65												
18	69	Medium	7	100	3	67												
20	63	Medium	7	75	2	63												
21	71	Medium	9	78	2	66												
20	70	Medium	8	64	0	61												
14	69	Medium	4	71	1	64												
19	68	Low	8	75	1	64												
11	83	Medium	5	63	2	65												
28	73	Low	7	62	3	68												
18	93	High	6	80	1	69												
17	67	Medium	6	59	0	61												
30	79	High	7	78	3	72												
13	61	Low	8	85	4	61												
13	79	High	7	60	1	66												
13	62	Medium	9	87	1	60												
20	99	Low	9	68	1	69												
23	92	High	9	100	1	72												
24	80	High	7	99	2	69												
35	63	High	6	90	0	71												
7	84	High	7	67	1	64												
24	90	Low	9	97	3	71												
17	68	Medium	9	100	1	64												
16	83	Medium	4	73	3	67												
16	93	Low	7	81	2	67												
15	91	High	4	50	1	66												
30	92	Medium	7	52	3	73												
25	95	High	6	75	1	73												
20	98	Medium	6	80	0	70												
28	76	Medium	8	66	5	70												
11	83	Low	6	55	0	62												
12	92	Low	7	89	1	68												
7	88	High	6	71	0	65												
16	100	High	7	82	2	73												
21	61	Medium	8	83	1	65												
21	74	High	6	77	0	66												
21	71	Medium	8	59	3	64												
12	70	High	7	81	0	63												
25	69	Medium	7	66	0	62												
21	88	Medium	6	91	0	70												
24	63	Medium	8	60	3	65												
9	90	Medium	8	65	0	64												
22	88	Medium	7	72	4	70												
13	70	Medium	7	87	1	62												
18	70	Medium	8	86	5	67												
23	85	Low	8	67	1	66												
21	90	High	7	76	2	74												
15	95	High	9	62	2	69												
20	94	High	8	89	0	70												
11	99	Medium	10	60	1	68												
27	83	Low	5	91	3	70												
19	96	Medium	8	97	3	71												
27	92	Low	9	100	2	73												
17	96	Medium	9	93	3	69												
17	60	Low	7	61	1	61												
15	99	Medium	5	71	0	68												
25	79	Low	9	54	1	66												
16	92	Low	6	58	0	67												
24	65	High	7	52	1	64												
18	76	High	10	82	1	67												
8	71	Medium	5	77	0	61												
17	72	Medium	8	96	2	65												
13	65	High	6	73	0	62												
20	92	High	6	82	0	69												
13	60	High	7	70	1	61												
26	73	Medium	8	91	4	69												
19	67	Low	8	96	1	64												
19	84	Low	9	72	1	65												
24	70	High	6	54	1	64												
26	70	High	5	58	1	68												
20	80	Medium	6	86	1	67												
15	86	Medium	8	66	0	68												
9	65	Medium	7	89	2	61												
16	67	High	4	87	5	69												
16	70	High	4	85	0	64												
21	99	Medium	7	91	3	74												
18	76	Medium	8	88	1	66												
24	84	Medium	6	82	1	68												
16	70	High	8	50	3	65												
20	80	High	5	76	0	66												
27	63	Low	7	80	2	66												
22	61	Low	7	98	3	65												
20	79	Medium	8	83	3	67												
16	76	Medium	5	79	0	65												
16	65	Medium	5	77	1	63												
15	88	Medium	8	55	1	67												
17	100	High	5	71	2	70												
25	76	High	6	57	0	68												
19	85	Medium	9	53	1	66												
12	99	Medium	7	66	3	67												
31	93	Low	8	82	2	72												
22	79	High	8	93	0	68												
12	89	High	8	91	1	66												
17	65	Medium	7	65	0	62												
21	80	Low	6	52	1	65												
30	71	Low	10	70	3	67												
13	66	Medium	7	66	3	62												
26	77	Low	7	69	1	66												
28	65	Medium	8	78	1	67												
16	88	Medium	6	52	2	68												
18	78	Medium	6	69	1	66												
14	81	High	9	78	0	68												
19	66	Medium	6	72	2	62												
20	66	High	8	83	1	64												
24	83	Low	8	59	1	68												
27	99	Low	7	58	2	71												
16	64	Medium	7	65	2	63												
8	71	Medium	8	55	1	62												
20	95	Low	7	62	1	69												
22	63	Medium	4	54	0	62												
21	95	Medium	9	70	3	71												
18	81	High	6	86	3	69												
21	76	Medium	7	64	1	66												
29	72	Medium	5	50	0	64												
22	72	High	6	78	1	65												
18	72	High	6	85	1	68												
17	95	Medium	7	70	1	69												
19	89	Medium	6	65	2	68												
30	87	Medium	10	75	3	71												
19	92	Medium	7	55	1	66												
20	70	Low	8	82	2	65												
17	85	Medium	7	87	1	68												
27	78	High	8	85	0	72												
32	91	Medium	4	66	3	75												
23	72	Low	6	92	2	67												
20	86	Medium	6	97	1	67												
20	95	Medium	6	65	2	70												
6	76	Medium	8	63	5	64												
24	63	Medium	8	85	1	65												
21	81	Medium	7	85	1	68												
23	74	High	7	76	1	67												
16	87	Medium	10	96	1	66												
18	98	Medium	7	57	0	69												
18	79	High	4	74	2	64												
26	79	High	8	52	1	68												
18	86	Medium	8	53	5	68												
32	64	High	9	53	1	65												
23	70	Medium	8	75	0	65												
12	97	Medium	6	79	1	65												
19	87	Medium	8	50	0	67												
16	61	Medium	7	82	2	63												
7	68	Medium	9	74	1	62												
30	87	Medium	9	61	2	73												
24	91	High	7	51	2	72												
23	94	Medium	8	58	5	71												
21	72	Medium	9	80	3	67												
12	97	Low	7	83	0	66												
17	82	High	10	82	1	68												
25	88	High	9	58	0	70												
14	84	Medium	6	96	2	66												
5	65	High	7	71	0	56												
19	99	High	8	88	1	71												
19	65	High	10	58	2	64												
21	70	Medium	8	74	2	65												
24	93	Medium	7	76	2	70												
24	85	Low	9	89	1	70												
22	94	High	7	81	2	71												
27	81	High	6	70	0	70												
11	75	High	8	64	3	62												
23	97	Medium	6	99	1	72												
24	61	Medium	10	64	0	62												
13	94	Medium	7	56	2	67												
11	69	Medium	8	65	0	58												
16	94	Medium	6	66	3	69												
16	66	Low	9	56	0	60												
25	83	High	7	85	2	72												
16	96	Medium	7	81	0	66												
15	79	High	7	66	2	66												
16	90	High	5	100	1	69												
27	92	Medium	7	83	2	70												
20	89	Medium	8	85	2	70												
19	97	High	5	78	0	70												
19	78	High	9	78	2	67												
28	67	Medium	7	51	2	67												
16	62	Low	7	89	0	59												
28	70	Medium	4	96	1	67												
21	66	Medium	7	56	1	65												
19	82	Medium	5	90	1	68												
35	67	High	6	77	1	71												
14	62	Medium	5	64	2	61												
18	61	Medium	6	96	0	63												
13	93	High	7	51	1	67												
26	84	Medium	7	64	1	69												
30	74	High	8	94	0	70												
30	96	Low	4	74	0	69												
27	63	Medium	7	80	1	66												
19	99	Low	7	87	1	70												
18	85	Medium	6	57	2	67												
10	67	High	6	61	0	61												
32	87	High	9	100	2	74												
23	91	High	10	62	1	70												
17	77	Medium	4	77	0	66												
28	94	High	6	65	1	73												
14	66	Medium	5	93	1	62												
22	71	Low	7	98	2	65												
19	64	Medium	9	57	0	62												
24	68	Medium	8	80	1	64												
20	70	Medium	7	91	1	63												
11	97	Medium	7	91	1	69												
20	63	Medium	7	72	3	63												
26	77	Medium	8	61	1	67												
20	81	Low	8	69	1	65												
25	96	High	8	88	0	71												
14	100	Medium	4	100	3	71												
20	90	Medium	7	78	0	69												
16	99	High	7	60	2	71												
24	91	Medium	8	52	1	68												
20	99	Medium	7	97	2	70												
24	88	High	8	74	0	71												
27	63	Medium	6	86	1	68												
24	76	High	8	83	1	69												
22	86	Medium	9	95	4	71												
14	74	Medium	5	63	2	63												
20	71	Medium	5	72	4	66												
17	83	Medium	8	96	1	67												
18	97	Low	7	79	3	71												
18	61	Low	9	54	0	59												
14	91	Medium	7	60	0	67												
8	89	High	8	62	2	66												
16	99	High	6	100	1	72												
21	97	High	8	61	0	70												
12	90	Medium	8	93	3	68												
20	81	Medium	6	54	0	63												
31	68	Medium	9	59	3	69												
26	82	Medium	4	94	0	67												
30	91	High	7	95	1	75												
22	96	Low	5	59	0	67												
27	92	High	5	61	0	74												
16	68	High	8	77	1	66												
16	84	High	5	53	2	65												
4	73	Medium	5	97	1	60												
27	60	High	8	68	1	63												
29	68	High	5	74	3	69												
17	65	High	9	55	1	64												
18	94	Medium	8	52	1	68												
15	70	Medium	6	73	2	63												
22	71	Medium	8	56	0	65												
27	98	High	4	82	0	74												
10	75	High	8	90	2	65												
22	60	Medium	5	52	0	61												
18	71	High	6	81	1	66												
21	65	High	6	91	1	67												
23	64	Medium	9	72	0	66												
19	63	Medium	6	98	4	69												
19	84	Medium	7	56	2	65												
19	68	High	6	66	2	65												
26	74	Medium	6	62	0	66												
23	94	High	5	100	2	73												
21	77	Medium	7	65	2	64												
12	97	Low	7	69	0	67												
18	80	Low	8	92	0	67												
25	76	Low	7	96	3	68												
20	90	Low	7	97	2	71												
24	63	Medium	8	78	0	64												
31	64	Medium	6	83	1	67												
26	86	Low	5	67	2	68												
21	79	Medium	8	80	1	67												
17	92	Medium	6	65	3	70												
5	97	Low	7	87	2	64												
19	76	Medium	6	65	0	63												
18	84	High	6	94	3	71												
22	80	Low	4	57	1	64												
19	99	Low	8	79	3	70												
18	93	High	4	76	3	70												
9	96	High	9	63	1	67												
14	70	Medium	9	51	1	62												
23	91	Medium	6	57	2	69												
30	71	High	9	98	2	69												
19	68	High	10	97	0	62												
22	98	Medium	7	56	1	70												
26	61	Medium	8	69	2	66												
15	99	Medium	7	73	1	69												
22	66	Low	9	74	3	65												
16	93	High	5	65	0	66												
25	71	Medium	7	96	2	69												
21	74	Medium	8	95	1	66												
22	69	High	8	51	1	65												
15	83	Low	7	83	1	66												
24	74	Low	9	54	1	63												
33	86	Medium	7	80	0	72												
14	61	Medium	7	93	3	62												
18	63	High	8	82	1	64												
21	64	Low	7	73	2	61												
25	77	Medium	7	98	0	70												
17	93	Medium	6	87	1	67												
3	96	High	10	62	3	66												
28	70	Medium	6	69	2	66												
25	83	Medium	8	88	1	68												
10	91	High	10	51	0	67												
16	72	High	5	53	1	65												
29	76	High	8	93	0	70												
29	81	Medium	7	52	1	69												
26	65	Medium	10	84	1	68												
19	61	Medium	6	66	0	61												
20	66	High	6	91	0	65												
19	85	High	7	92	3	71												
27	63	High	6	98	0	66												
15	68	High	6	55	0	62												
15	74	Low	10	71	0	61												
26	63	High	7	79	1	67												
20	68	High	6	96	0	66												
28	96	High	6	63	1	71												
16	61	High	8	54	0	62												
20	86	Medium	8	60	1	67												
14	75	Medium	6	75	0	64												
20	87	Low	5	84	2	68												
11	84	Medium	7	85	3	67												
17	69	Medium	7	54	1	63												
11	94	High	6	88	2	70												
24	80	High	9	83	1	67												
24	93	High	8	70	1	71												
10	76	Low	7	79	3	62												
28	99	Medium	6	88	3	75												
35	91	Medium	10	63	1	72												
20	99	Low	5	97	4	73												
16	81	Medium	6	57	3	64												
37	79	High	6	95	1	73												
12	90	Low	7	87	2	66												
20	95	Low	8	83	1	69												
21	99	Medium	5	54	1	70												
28	73	High	6	96	1	70												
22	92	High	8	65	0	71												
17	68	High	6	87	0	64												
14	82	High	6	94	7	71												
18	67	Medium	7	62	1	63												
14	74	High	6	96	2	68												
20	97	Medium	7	81	3	71												
17	66	Medium	8	83	4	65												
11	85	Medium	7	96	1	66												
28	84	High	9	76	0	72												
17	65	High	8	72	1	65												
12	73	Medium	7	82	1	60												
19	83	Medium	7	78	2	67												
20	67	High	10	53	1	65												
10	92	Low	6	59	0	64												
22	99	High	7	51	2	72												
14	69	Medium	6	55	3	62												
30	67	Medium	8	86	0	67												
23	78	Medium	10	50	1	67												
18	90	Medium	7	65	4	69												
16	71	High	7	72	1	65												
19	61	High	7	97	0	62												
24	82	Medium	5	66	0	69												
20	98	High	7	89	1	72												
19	76	High	10	70	1	63												
20	77	Medium	8	55	1	64												
16	99	Medium	9	55	1	67												
18	88	Medium	9	72	2	70												
7	89	Low	6	53	3	64												
26	83	Medium	10	79	1	69												
22	99	High	4	75	2	72												
15	88	Medium	7	85	4	69												
31	96	Medium	4	59	3	75												
21	88	Medium	4	80	1	67												
14	89	Medium	8	59	1	67												
25	72	Medium	6	86	0	66												
22	72	Low	9	65	0	64												
22	91	Low	4	81	2	68												
17	72	Medium	7	94	1	66												
23	83	Medium	5	74	3	69												
18	70	Low	7	60	1	65												
23	93	Low	9	94	2	70												
9	64	Low	10	68	0	57												
17	93	Medium	8	87	2	69												
30	84	Low	5	66	0	70												
15	67	Medium	5	65	4	63												
16	82	Medium	7	82	1	66												
17	71	Medium	6	58	3	64												
13	73	High	8	93	0	65												
7	74	Medium	10	69	1	64												
19	63	Low	6	51	2	62												
21	99	Medium	6	65	1	71												
20	61	High	5	89	1	64												
19	86	High	7	93	1	72												
20	75	Medium	7	78	0	64												
26	86	Low	7	65	2	71												
19	74	Medium	8	76	5	68												
17	87	Medium	8	92	3	68												
18	89	Medium	7	66	2	68												
23	88	Medium	7	69	3	69												
28	65	Medium	7	77	1	67												
16	86	Low	7	94	0	66												
21	71	Medium	6	79	1	65												
22	61	High	5	60	0	63												
14	77	Low	7	54	1	62												
20	77	High	6	55	1	67												
11	79	Medium	8	98	2	65												
9	88	Medium	7	91	1	66												
22	72	High	7	88	2	66												
18	73	Medium	8	75	0	64												
21	62	Medium	5	84	5	67												
20	87	Medium	10	56	2	67												
14	83	Low	4	81	1	61												
20	74	Medium	9	91	1	66												
13	88	Medium	7	53	2	66												
28	81	Low	6	65	1	67												
12	79	Medium	5	56	1	64												
19	80	Low	6	63	1	64												
14	85	Medium	7	89	2	67												
23	86	High	7	67	2	68												
18	72	Low	9	84	2	64												
17	66	Medium	7	89	0	63												
25	66	High	7	91	2	68												
20	86	Low	8	94	2	64												
23	95	Medium	7	80	2	70												
14	76	Medium	7	64	3	64												
12	67	Medium	7	58	0	59												
21	90	Medium	8	75	4	71												
18	93	Medium	6	55	3	67												
24	95	Low	6	96	3	73												
20	84	Low	8	72	3	66												
21	94	High	5	94	2	73												
10	61	Medium	7	85	1	62												
31	64	High	6	93	1	69												
19	64	High	8	94	3	66												
24	89	Low	9	53	1	68												
15	63	Medium	6	86	4	65												
22	80	Medium	8	61	1	67												
12	79	Medium	7	99	2	64												
23	72	High	6	89	0	67												
18	95	Low	7	50	3	66												
20	67	Medium	9	96	1	68												
24	74	Medium	7	65	3	68												
13	91	Low	9	71	1	64												
16	61	Medium	7	81	2	63												
23	87	Medium	5	96	2	72												
33	93	Medium	7	96	1	75												
19	97	Medium	5	78	2	71												
24	95	Medium	7	66	2	71												
19	73	Medium	6	64	4	66												
32	83	Medium	10	68	3	71												
10	63	Medium	9	59	0	61												
21	70	Medium	7	83	1	65												
10	64	Low	9	76	1	58												
5	73	Low	6	89	1	62												
22	95	Low	5	55	2	69												
21	74	Low	8	70	1	65												
18	82	Medium	8	62	3	69												
19	77	Medium	6	77	1	68												
39	78	Medium	6	73	0	70												
18	99	Medium	8	72	4	72												
23	72	Medium	4	66	3	66												
16	85	High	8	86	2	68												
22	77	Medium	7	74	2	67												
19	62	Low	8	60	1	61												
18	80	Low	8	77	1	64												
31	93	Medium	6	80	3	74												
27	64	Medium	5	51	1	64												
21	63	Low	9	60	2	64												
6	66	Medium	7	62	2	61												
18	91	High	7	62	3	71												
36	89	Low	8	62	2	72												
19	83	High	6	64	0	68												
27	79	High	8	63	2	69												
29	96	High	8	94	2	74												
21	91	High	9	66	3	70												
15	92	Low	9	67	1	69												
5	93	Low	7	63	2	64												
24	86	Low	8	98	2	71												
15	78	Low	7	77	0	65												
21	95	Medium	7	81	0	71												
13	97	High	5	87	1	71												
18	61	Medium	7	67	5	66												
20	62	Medium	4	98	1	64												
22	98	Medium	7	58	0	70												
13	71	Low	9	73	1	61												
27	95	Medium	8	57	1	71												
16	76	Medium	7	90	0	65												
10	65	High	7	55	0	59												
19	63	Medium	6	78	3	63												
20	66	Medium	6	55	1	64												
21	70	Low	8	73	0	63												
28	80	High	5	64	1	70												
19	88	Medium	5	95	1	70												
19	99	High	8	53	1	72												
13	78	High	7	82	0	65												
25	81	Medium	7	85	3	71												
21	81	Medium	7	94	3	70												
17	82	Low	10	94	1	66												
9	81	Medium	7	99	2	64												
29	60	High	7	63	0	64												
13	60	Low	10	64	1	59												
16	64	High	7	70	5	65												
22	64	Medium	10	77	1	66												
13	88	Medium	4	68	1	67												
11	68	Medium	5	87	1	62												
7	96	Low	6	50	1	65												
24	97	Medium	8	51	3	73												
17	99	Medium	10	86	1	70												
38	98	Medium	6	94	2	75												
14	71	High	8	89	0	66												
14	80	Medium	10	56	1	65												
17	67	Medium	9	97	1	64												
21	92	Low	6	76	2	70												
17	96	High	8	87	0	71												
24	94	Medium	8	60	0	68												
14	77	Medium	6	77	1	64												
12	90	High	8	67	2	67												
9	64	High	6	99	6	65												
7	62	Medium	7	74	3	62												
17	90	High	5	88	1	68												
18	77	Medium	4	80	1	66												
16	100	High	7	55	1	69												
27	64	Medium	7	77	3	68												
27	94	Low	5	77	0	71												
18	79	High	8	86	3	68												
9	93	Low	7	66	0	64												
17	93	Medium	8	93	0	66												
16	97	Low	8	81	0	70												
16	72	Medium	9	52	1	60												
16	98	Medium	8	85	0	69												
16	66	Medium	7	95	1	65												
18	63	High	7	84	1	66												
16	77	Low	10	69	1	64												
21	93	High	8	80	0	71												
22	79	Low	7	59	0	66												
15	93	Low	7	80	0	66												
28	89	Medium	6	75	1	68												
14	68	High	5	51	1	63												
10	98	Low	10	66	1	66												
22	62	Medium	8	60	0	61												
15	96	Low	5	70	4	70												
22	72	High	7	62	5	68												
6	80	Medium	9	92	5	65												
28	77	Medium	6	85	0	69												
24	67	High	6	87	0	67												
11	74	Medium	8	68	0	62												
11	68	High	8	50	2	61												
30	68	High	6	61	1	70												
16	67	Medium	6	88	0	65												
15	80	Medium	8	80	1	65												
6	92	Medium	5	77	1	66												
18	83	High	6	64	1	66												
19	96	Medium	7	54	1	69												
24	85	High	8	89	1	70												
12	88	Medium	6	52	1	63												
11	87	Medium	8	53	1	64												
23	78	Low	9	65	1	65												
26	88	Medium	6	79	1	71												
11	63	Medium	10	100	0	61												
26	94	Low	9	55	2	69												
20	91	Medium	7	74	1	69												
27	70	Medium	7	80	1	66												
20	91	Medium	6	91	3	72												
5	61	Medium	9	84	1	60												
19	69	Low	7	90	0	62												
26	63	Medium	5	76	3	66												
15	91	High	4	72	1	69												
18	90	Medium	7	81	2	69												
19	93	High	7	95	3	71												
3	60	Low	6	78	1	57												
30	80	High	5	80	0	72												
15	88	Medium	4	67	1	66												
23	66	Medium	6	80	1	66												
19	86	Medium	6	81	3	70												
28	63	Medium	8	88	2	67												
22	67	Medium	7	79	1	65												
19	79	Medium	9	60	1	63												
15	86	Low	8	79	3	68												
25	66	Medium	8	65	0	63												
9	67	High	8	54	3	63												
24	68	Medium	5	91	1	68												
13	70	Medium	6	53	2	60												
28	69	Medium	10	82	0	67												
21	76	Low	4	99	0	65												
24	86	Low	7	54	0	68												
20	78	Low	8	61	0	62												
9	91	Low	4	88	2	65												
15	89	Medium	6	55	1	66												
24	65	Medium	10	92	3	67												
21	62	High	7	50	1	60												
27	95	High	6	94	2	74												
22	63	Low	7	53	1	62												
14	66	Medium	6	96	0	61												
15	61	Medium	10	93	0	63												
21	85	Low	6	77	2	66												
6	83	Medium	6	89	1	65												
30	99	Medium	5	54	0	72												
23	95	Medium	7	57	1	70												
27	76	High	7	68	1	71												
11	75	High	9	77	1	64												
27	72	High	5	93	1	70												
33	66	Medium	8	77	2	68												
12	66	High	7	83	1	61												
25	65	Medium	4	84	1	68												
20	65	Medium	6	94	1	64												
11	70	High	6	89	2	64												
23	72	High	10	99	2	71												
25	98	High	8	51	0	72												
16	83	Medium	7	60	0	66												
27	100	Medium	4	97	4	74												
10	75	Medium	4	90	3	65												
11	78	High	8	63	1	64												
21	73	Medium	8	99	1	69												
20	67	Medium	6	93	1	62												
16	66	Medium	7	53	2	62												
25	98	Low	7	91	2	72												
23	99	High	7	89	1	73												
25	62	Low	6	61	1	64												
19	66	Medium	8	83	2	65												
24	77	High	9	99	1	70												
17	67	Medium	6	84	1	66												
32	75	High	5	91	1	70												
15	65	High	6	55	2	63												
33	78	Low	7	86	1	69												
20	71	Medium	8	60	0	64												
12	74	Medium	8	54	2	63												
28	64	Medium	8	78	2	66												
21	77	Medium	8	88	2	68												
25	99	Medium	7	77	0	97												
27	73	Low	9	97	2	67												
22	95	Medium	7	85	0	71												
16	94	Low	8	56	2	66												
26	98	Low	7	97	2	72												
20	92	Medium	7	58	2	70												
24	86	Medium	7	88	1	69												
7	94	Low	9	57	2	66												
23	63	High	7	100	2	69												
16	79	Medium	6	67	2	65												
30	100	High	6	75	0	75												
24	91	Medium	8	73	2	70												
21	98	Low	6	55	1	70												
23	91	High	7	75	2	69												
14	95	Medium	7	57	2	68												
30	88	Medium	6	90	4	73												
32	90	Medium	5	98	0	74												
22	81	Low	5	90	0	66												
30	97	Medium	6	72	1	74												
17	93	Low	5	50	3	67												
15	94	Medium	8	52	1	67												
20	87	High	10	75	3	70												
23	72	High	6	84	1	67												
18	61	Low	6	91	3	80												
23	97	High	6	80	1	70												
22	83	Medium	8	99	4	71												
14	72	Low	8	75	4	64												
23	66	High	7	80	1	68												
25	93	Medium	5	62	0	68												
21	93	Medium	6	67	1	69												
27	93	Low	7	84	1	72												
13	86	Medium	7	80	0	65												
23	75	Low	7	68	1	64												
13	72	High	8	56	1	64												
13	60	Medium	5	67	1	58												
16	93	Medium	7	52	2	69												
14	63	Low	7	79	1	61												
17	85	High	6	66	0	68												
19	80	Medium	6	69	1	66												
25	81	Medium	8	79	1	68												
18	97	High	5	79	2	70												
10	61	Low	10	79	4	62												
27	91	Medium	8	75	2	71												
15	62	Medium	7	74	0	61												
20	62	Medium	7	91	1	64												
23	77	Low	8	73	1	65												
21	63	Medium	6	77	3	63												
27	92	Medium	6	99	4	74												
23	81	High	9	59	2	68												
15	61	Medium	6	86	2	65												
33	62	Medium	7	74	2	66												
21	85	High	6	92	1	69												
19	92	Medium	7	70	2	69												
26	78	Medium	8	65	3	70												
21	82	Medium	10	60	3	70												
22	92	Medium	6	94	1	71												
35	84	Medium	5	86	1	72												
18	69	Low	7	54	1	61												
18	85	High	6	86	1	68												
21	85	Low	7	52	3	66												
26	89	Medium	8	59	1	70												
11	85	Low	10	80	0	63												
8	99	High	6	73	1	68												
16	68	Medium	4	92	1	62												
10	98	High	7	80	3	69												
17	82	Medium	8	98	3	69												
23	87	Low	6	93	1	72												
15	64	Medium	7	67	2	64												
11	75	Medium	7	92	2	63												
20	91	Medium	7	93	1	70												
25	88	Medium	8	98	1	69												
10	62	High	7	51	1	61												
25	82	High	8	94	2	70												
25	64	Medium	4	53	1	64												
26	100	High	6	76	0	76												
27	96	Medium	6	71	2	73												
33	61	Low	5	96	2	67												
18	94	Medium	7	70	2	69												
21	97	Medium	6	80	2	72												
18	74	Medium	6	85	4	66												
20	89	Medium	8	51	3	70												
29	78	High	7	80	2	73												
12	86	Medium	5	76	2	68												
15	74	High	6	80	2	66												
28	73	Medium	8	54	4	67												
26	77	Low	7	53	3	67												
18	66	High	9	59	0	62												
25	93	Medium	8	93	2	72												
22	74	High	6	68	0	65												
29	76	Low	9	72	1	69												
20	96	High	9	70	2	69												
26	80	Medium	4	86	0	69												
36	82	Low	7	63	0	69												
24	98	Medium	6	53	1	69												
20	95	High	7	69	0	70												
24	67	Low	6	86	6	67												
18	79	High	6	96	3	69												
34	99	Medium	8	53	0	75												
21	75	Medium	5	91	2	66												
18	75	Low	7	53	0	63												
15	68	Medium	5	67	3	64												
27	65	Medium	9	51	2	66												
25	90	Medium	7	96	1	72												
17	91	High	8	85	3	71												
23	99	Medium	7	68	0	70												
11	91	Medium	7	69	2	67												
21	70	Low	7	82	0	65												
23	62	High	9	54	3	65												
30	99	Medium	6	57	0	73												
15	74	Medium	4	92	1	66												
12	72	Medium	6	60	0	62												
15	96	High	5	86	2	71												
12	83	High	8	61	3	66												
28	69	High	7	54	1	65												
29	96	High	8	95	0	75												
22	100	Medium	7	95	2	74												
27	63	Low	7	80	1	65												
21	94	Medium	7	73	2	71												
19	76	Low	9	78	1	65												
18	81	Low	7	70	0	65												
18	97	Low	9	88	0	67												
11	99	Low	9	88	2	67												
22	70	Medium	7	91	2	66												
20	69	Medium	7	76	1	67												
24	63	Medium	6	90	2	66												
21	82	High	9	58	0	65												
19	61	Medium	6	52	1	59												
15	76	High	6	82	4	69												
20	63	Medium	7	55	2	63												
24	76	Medium	5	78	1	65												
13	62	Low	6	86	2	61												
21	93	Medium	9	70	0	68												
21	68	High	8	52	3	65												
16	73	Low	6	94	1	61												
16	95	High	8	52	0	69												
21	90	Medium	10	95	2	72												
13	69	Low	7	53	2	59												
22	63	Medium	9	87	0	63												
15	89	Medium	8	96	3	69												
26	76	Low	7	95	1	67												
34	91	Medium	7	95	1	70												
15	78	High	8	94	0	67												
23	74	Medium	6	76	1	66												
16	78	Medium	4	78	5	68												
26	90	High	6	81	1	71												
12	96	Medium	4	95	3	69												
23	62	Medium	6	92	0	65												
15	81	Medium	4	89	0	66												
19	61	High	8	84	2	66												
14	79	Medium	5	81	3	67												
25	95	Medium	8	96	1	74												
15	74	High	8	60	3	66												
23	97	High	8	60	1	72												
18	85	Low	4	99	0	69												
19	97	High	9	78	0	68												
21	90	High	8	74	4	71												
15	64	Medium	8	93	0	61												
21	69	Medium	10	92	2	65												
29	76	High	8	59	4	71												
15	67	Medium	5	59	0	59												
27	80	Medium	8	90	1	71												
29	79	High	5	89	0	72												
15	98	High	7	61	1	71												
11	77	Low	6	92	0	61												
22	91	Medium	7	74	1	67												
17	98	Medium	5	73	0	67												
31	95	Medium	5	99	1	74												
20	68	High	6	76	2	66												
15	80	Medium	7	57	1	63												
13	74	Medium	6	64	4	63												
27	76	High	9	67	1	68												
17	74	Low	8	98	1	65												
20	93	Low	8	63	0	66												
26	78	Medium	6	72	1	67												
17	81	Medium	5	87	0	67												
20	99	Low	7	64	0	70												
20	62	Medium	10	85	5	65												
24	80	Medium	7	60	1	68												
24	91	High	9	62	3	70												
19	66	Low	9	99	1	66												
20	84	Medium	8	68	0	69												
18	70	Medium	7	86	1	65												
11	95	Medium	6	92	2	68												
22	73	Medium	7	67	3	65												
31	73	High	6	68	1	70												
15	84	Low	7	89	1	65												
15	67	Medium	5	80	3	67												
15	71	Low	6	68	5	64												
24	77	Medium	8	87	2	68												
23	74	High	6	93	4	70												
19	81	High	6	62	1	64												
14	84	Medium	6	51	4	67												
21	83	High	7	64	2	68												
11	86	Medium	4	84	5	67												
21	72	Low	6	96	4	66												
25	65	High	8	93	2	66												
12	90	Low	7	61	2	66												
11	94	Low	8	94	2	67												
29	70	Medium	4	91	2	69												
16	76	Medium	6	87	3	65												
27	80	Low	7	84	4	68												
19	81	High	8	90	2	67												
19	86	Medium	9	93	1	69												
23	62	Medium	8	91	3	64												
15	89	Medium	6	56	2	67												
21	62	Medium	6	86	2	67												
18	79	High	9	92	1	67												
12	93	High	6	59	2	67												
22	78	High	5	61	2	68												
18	66	Medium	7	89	4	65												
19	99	High	9	67	3	70												
13	96	Medium	6	70	1	68												
30	91	Low	6	69	2	72												
25	76	High	6	61	1	67												
26	67	Low	8	97	2	66												
18	98	Low	7	90	0	68												
10	81	High	8	63	1	64												
32	94	High	9	55	4	75												
20	74	Low	5	69	1	66												
16	73	High	6	71	0	67												
23	99	High	6	50	1	71												
27	81	High	7	94	0	68												
20	66	Medium	8	93	2	65												
28	69	High	6	93	0	67												
26	79	High	6	90	0	66												
14	62	Medium	8	87	1	60												
16	79	Medium	8	82	2	64												
26	77	Medium	7	98	0	69												
4	91	Medium	4	86	3	64												
19	74	High	9	82	2	66												
11	99	Medium	7	89	3	72												
17	67	Low	7	62	0	60												
18	84	High	6	98	3	69												
18	64	Medium	6	51	2	62												
17	89	Medium	6	82	3	70												
13	100	Low	4	54	3	65												
34	93	Medium	6	93	2	77												
31	82	High	5	98	0	71												
13	79	High	7	70	4	66												
29	93	Medium	5	93	2	74												
18	97	High	8	67	1	70												
21	100	Medium	5	58	2	69												
20	76	Medium	9	64	2	64												
16	100	Medium	8	65	1	69												
26	66	High	5	82	1	68												
21	70	Low	7	90	1	63												
17	64	Medium	6	60	1	61												
12	71	Medium	8	54	0	61												
15	91	Low	10	61	0	65												
10	94	High	9	65	3	65												
20	91	Medium	6	64	0	69												
13	85	High	7	61	3	69												
18	81	Medium	9	73	1	65												
28	88	High	8	93	3	72												
27	76	High	9	55	3	69												
20	94	Medium	8	93	1	71												
19	87	Medium	7	75	2	67												
31	88	High	7	83	0	72												
23	81	High	5	91	0	70												
18	95	Medium	6	65	1	68												
11	70	Medium	6	98	3	66												
22	75	High	6	54	4	68												
25	91	Low	7	76	1	71												
16	80	Medium	7	63	2	63												
22	96	High	7	70	2	70												
18	74	High	8	72	1	65												
19	75	High	6	96	2	70												
5	96	Low	8	72	3	65												
19	79	High	9	85	0	68												
26	81	Medium	8	98	1	69												
16	73	Medium	6	75	3	66												
20	71	Medium	8	70	0	62												
15	86	High	8	99	2	70												
22	65	Low	8	91	2	65												
19	95	High	9	97	0	71												
14	91	High	8	70	2	68												
28	68	Low	9	85	0	65												
26	88	High	7	62	1	70												
16	84	High	6	93	0	69												
23	67	Low	9	97	1	66												
23	71	Medium	6	63	1	66												
24	76	Medium	10	55	2	67												
10	88	Medium	9	60	1	63												
26	86	High	7	82	2	70												
17	81	Medium	9	64	0	65												
18	91	High	8	82	3	70												
36	90	High	5	68	1	74												
22	85	Medium	6	96	0	69												
18	91	Medium	7	73	0	68												
7	73	Medium	7	75	1	64												
28	95	Medium	9	67	2	73												
12	85	Medium	7	54	4	66												
14	93	Low	5	75	0	65												
18	82	Low	6	89	0	66												
28	69	Low	8	98	0	67												
25	82	High	4	54	0	67												
19	75	Medium	5	90	0	66												
22	88	Low	6	63	3	69												
16	79	Medium	8	91	4	69												
21	93	Low	7	67	2	68												
20	87	Low	8	56	1	64												
26	87	Medium	7	81	1	70												
26	69	Medium	7	95	1	67												
23	99	Low	6	59	1	68												
18	94	Medium	8	51	0	67												
24	92	Medium	5	94	1	73												
19	73	Medium	7	85	1	65												
14	81	High	9	90	3	69												
18	65	Medium	6	53	1	63												
21	82	Medium	5	95	3	68												
25	66	High	4	71	0	64												
19	82	High	8	95	2	68												
13	86	High	8	53	2	66												
20	76	Medium	6	94	2	65												
21	80	Medium	5	84	4	69												
21	95	Medium	7	78	2	69												
26	64	High	9	53	2	64												
26	92	High	5	84	0	74												
16	67	Medium	9	80	1	64												
16	61	Low	4	86	3	63												
14	67	Medium	5	86	0	64												
24	91	Medium	7	72	3	71												
29	76	High	8	60	2	68												
18	95	Medium	9	96	4	72												
19	81	Low	8	96	1	67												
29	61	High	9	61	0	64												
23	89	Low	7	82	2	70												
23	64	Medium	6	60	2	65												
13	92	Medium	9	93	2	69												
24	67	Medium	9	55	2	65												
14	74	Medium	8	100	1	66												
13	90	Medium	8	81	0	67												
18	98	Low	9	51	1	68												
16	75	Medium	8	94	0	65												
19	93	Medium	7	84	0	68												
11	68	High	8	85	2	63												
26	92	Medium	8	64	1	71												
27	86	Medium	8	67	1	71												
8	68	Medium	7	96	2	65												
26	72	Low	8	82	2	65												
15	65	Low	8	51	1	61												
25	75	High	7	66	0	68												
20	68	Medium	6	80	4	65												
20	86	Medium	9	57	0	66												
19	100	Low	5	55	2	69												
27	60	High	6	53	3	65												
13	82	High	7	82	1	65												
24	83	Medium	4	66	2	70												
27	97	Medium	9	69	1	70												
24	80	Medium	7	53	2	67												
34	82	High	9	87	3	75												
17	79	Low	10	88	3	65												
26	71	Medium	7	91	2	66												
19	62	Medium	9	83	2	67												
27	76	Medium	5	89	0	67												
20	62	Medium	8	79	2	62												
18	82	Medium	6	75	0	66												
28	72	High	8	63	1	66												
17	81	Low	8	53	0	64												
12	65	Medium	7	65	2	60												
17	97	Medium	8	84	3	70												
24	96	Medium	8	96	2	72												
28	68	Medium	7	63	0	67												
21	74	High	10	83	1	67												
28	85	Medium	7	74	1	72												
12	64	High	9	81	1	63												
17	74	Medium	9	50	0	60												
18	70	Medium	4	56	1	65												
19	97	Medium	9	61	2	72												
21	94	High	9	95	0	70												
24	83	Medium	7	52	1	71												
17	81	Medium	8	78	1	66												
21	97	Medium	8	96	2	72												
20	97	Medium	9	83	3	73												
14	99	Medium	6	74	2	71												
19	65	Low	9	69	4	64												
19	66	High	5	81	1	66												
19	87	Medium	4	74	1	69												
20	82	Medium	8	85	1	66												
20	61	High	9	81	0	63												
17	62	Medium	7	78	0	62												
28	96	Low	4	98	1	98												
13	95	High	5	92	1	71												
16	74	Medium	8	80	0	66												
37	96	Medium	7	77	2	75												
14	84	Medium	9	86	1	68												
12	92	Medium	7	90	2	69												
24	77	Low	6	65	2	68												
8	65	Medium	7	83	3	60												
19	77	Low	9	57	4	64												
33	78	Medium	9	72	4	71												
11	82	High	7	97	2	69												
8	64	Medium	7	66	1	60												
11	100	High	8	58	1	70												
25	70	Medium	6	57	4	66												
27	68	Medium	8	70	0	68												
17	81	Low	7	61	2	67												
24	81	Medium	7	71	1	70												
28	78	Medium	7	86	0	69												
31	91	High	7	94	2	75												
19	81	Low	10	56	1	65												
6	84	Medium	6	88	1	65												
15	89	Low	6	55	1	66												
17	61	Medium	9	69	1	64												
18	83	Medium	8	100	1	66												
19	95	High	8	53	3	70												
27	61	Low	5	51	1	63												
28	76	Low	7	67	1	66												
19	97	Medium	8	98	1	71												
27	74	High	6	51	2	68												
22	78	Medium	8	61	2	68												
20	99	Medium	7	80	0	71												
25	68	Medium	6	62	1	63												
20	63	Low	9	53	1	60												
32	94	High	9	53	1	73												
11	95	Medium	7	78	4	68												
17	79	High	8	78	2	70												
19	81	Medium	9	85	1	66												
23	93	Medium	6	57	1	72												
28	90	Low	8	75	1	70												
20	71	High	6	80	2	68												
11	61	Medium	5	61	3	60												
25	79	Medium	6	77	2	68												
25	94	High	5	85	1	74												
8	96	Medium	8	100	1	68												
20	98	Medium	6	80	4	72												
10	95	High	5	93	0	69												
16	83	Medium	8	92	2	98												
15	78	High	8	97	1	68												
25	91	Low	7	86	0	70												
21	90	Medium	8	61	1	69												
12	82	Low	6	65	3	64												
25	63	Low	6	89	1	65												
11	97	Medium	8	76	2	69												
22	78	Low	9	63	2	67												
15	75	High	6	83	1	65												
18	85	High	6	95	2	70												
23	87	Low	8	68	0	68												
23	68	Medium	8	80	1	65												
28	93	Medium	7	79	0	74												
20	72	Medium	9	56	4	65												
22	67	High	10	55	1	65												
17	76	Medium	8	94	3	68												
21	89	Medium	6	97	1	68												
23	99	Medium	8	95	5	74												
19	92	Medium	6	70	2	71												
9	98	Medium	9	64	1	67												
22	66	Medium	6	97	0	64												
22	63	Low	7	94	0	61												
16	82	Medium	6	91	0	66												
12	72	Medium	7	67	0	61												
29	93	High	7	82	5	73												
23	87	Medium	8	88	2	70												
19	99	Medium	7	79	2	70												
13	70	Low	7	80	1	63												
15	79	Medium	6	88	3	69												
28	80	High	7	88	2	72												
21	70	High	5	62	2	66												
17	84	High	9	70	1	68												
23	78	High	7	89	1	67												
15	78	High	9	63	2	65												
29	75	Medium	7	96	2	68												
28	61	Medium	4	92	1	68												
17	81	Medium	6	95	2	69												
16	73	High	7	65	1	66												
4	60	Medium	7	55	2	58												
11	72	Low	8	55	0	60												
12	71	High	7	78	3	67												
21	76	Medium	6	65	2	65												
18	65	Medium	6	63	1	62												
12	80	High	6	61	0	65												
18	88	High	8	78	0	69												
23	85	High	8	77	0	70												
23	92	High	6	71	2	70												
9	78	Medium	9	57	1	63												
19	81	Medium	8	96	0	69												
12	92	Medium	6	71	0	64												
25	77	High	7	56	1	69												
25	88	Medium	8	52	1	70												
15	77	Medium	5	58	1	64												
15	77	Medium	5	65	2	65												
17	90	Medium	8	82	0	70												
6	67	Low	6	99	0	60												
22	74	High	9	64	3	68												
18	69	Low	10	89	2	61												
26	74	Low	8	96	2	68												
13	69	Low	8	70	1	61												
16	83	Medium	5	63	2	64												
11	92	Medium	5	75	2	66												
14	91	Medium	7	95	2	70												
13	75	High	5	51	3	65												
26	100	High	7	74	1	74												
16	84	High	6	88	1	66												
21	76	Medium	7	80	3	65												
18	93	High	7	75	1	69												
12	89	High	8	78	4	69												
19	90	High	7	81	2	69												
24	68	Low	6	84	1	66												
13	79	Low	5	68	2	63												
25	94	Low	7	76	1	69												
15	80	High	4	64	1	65												
17	87	Medium	9	99	1	67												
23	84	Medium	8	59	1	66												
16	94	Medium	8	58	2	67												
20	71	High	6	63	1	65												
18	83	High	8	96	0	69												
21	65	High	6	83	3	65												
6	88	High	7	73	3	67												
9	89	Medium	6	96	0	66												
24	62	Medium	7	95	1	64												
26	87	High	5	70	1	70												
15	77	High	7	78	0	65												
19	65	Medium	5	95	2	65												
22	77	Low	10	66	2	64												
24	68	Low	7	70	1	64												
8	77	Low	7	90	1	61												
15	75	Medium	8	85	1	65												
18	90	Medium	5	52	5	68												
24	91	High	6	56	1	70												
35	84	Medium	8	92	6	74												
19	61	Medium	7	51	1	60												
12	97	Low	6	96	2	71												
22	87	High	8	64	2	70												
28	61	Medium	7	80	2	67												
21	93	Medium	8	78	0	68												
15	68	Medium	8	70	3	64												
26	83	Low	6	52	0	67												
24	79	Low	7	60	0	65												
14	77	Medium	4	81	3	66												
22	96	Medium	6	72	1	72												
26	77	Medium	7	71	3	69												
27	63	Medium	8	55	1	65												
20	98	High	8	67	0	71												
18	97	High	6	76	0	72												
27	87	Medium	6	54	0	70												
13	79	Medium	9	53	1	63												
23	64	Medium	7	75	2	66												
12	92	Low	7	78	3	67												
26	63	High	8	63	1	67												
18	63	Medium	7	66	2	62												
28	81	High	7	90	3	72												
23	66	High	7	93	1	69												
13	60	Medium	6	66	1	61												
29	77	Low	7	68	1	67												
29	65	Medium	4	92	0	66												
25	66	Medium	6	99	2	68												
15	63	High	8	66	1	62												
18	68	Low	8	89	0	63												
21	89	Medium	9	74	3	70												
16	92	High	8	63	2	68												
30	78	High	8	84	1	71												
21	80	Low	7	73	0	65												
4	61	High	6	63	4	59												
22	63	Low	8	55	2	64												
18	70	High	7	93	0	67												
20	82	Medium	6	94	3	68												
18	90	High	6	54	1	95												
25	84	Medium	7	83	1	70												
27	76	Medium	9	58	1	68												
22	65	Medium	7	82	2	65												
18	91	Medium	7	95	2	70												
20	75	Medium	8	63	4	67												
20	89	High	8	67	2	69												
15	81	High	7	90	1	68												
23	90	High	7	87	1	72												
23	96	High	6	70	1	71												
29	97	High	9	92	2	75												
28	81	High	6	96	0	70												
16	80	Medium	9	73	2	66												
25	71	High	7	52	3	67												
14	97	Medium	7	75	1	70												
24	78	High	8	87	2	71												
17	65	Medium	6	61	5	64												
14	77	Medium	8	55	2	65												
22	65	Medium	7	64	1	64												
4	80	Medium	8	51	4	62												
9	82	Low	6	86	2	64												
19	74	High	6	57	1	66												
20	63	Medium	4	86	0	64												
18	98	Medium	6	62	3	71												
11	91	Low	6	100	4	68												
15	94	Medium	6	77	3	70												
22	75	Medium	7	52	0	66												
23	90	Medium	7	89	2	71												
20	79	Medium	8	71	1	68												
27	68	Low	8	80	3	66												
22	65	Medium	8	98	4	66												
16	74	High	8	76	5	65												
18	66	Medium	7	90	0	64												
12	100	Medium	7	65	1	67												
19	62	Medium	8	86	1	65												
27	78	Medium	8	55	3	69												
24	78	Medium	5	95	1	69												
28	72	Medium	7	60	4	69												
18	83	High	4	65	3	68												
28	66	Low	4	98	0	67												
19	91	Low	6	58	2	68												
29	73	Low	7	63	1	65												
20	84	Medium	6	79	3	69												
24	89	Low	4	99	1	73												
29	96	Medium	8	85	3	76												
19	93	High	6	56	0	69												
21	84	Low	8	87	2	69												
28	76	Medium	6	71	3	68												
19	80	High	6	100	1	70												
12	91	Low	8	81	0	64												
33	95	Low	6	77	2	73												
17	64	Medium	7	78	1	64												
21	75	Low	7	82	1	65												
27	91	High	5	87	0	69												
16	77	Low	8	54	0	62												
14	73	Medium	6	57	2	64												
22	76	High	5	65	0	64												
9	84	Medium	6	74	5	67												
18	100	Low	8	66	3	69												
21	80	Low	5	61	2	67												
18	68	High	8	96	1	65												
11	67	High	8	52	3	63												
30	62	Low	7	97	0	66												
21	82	High	7	95	1	70												
29	82	High	7	84	1	70												
18	68	High	8	52	0	67												
15	88	Medium	6	61	0	65												
22	90	High	5	99	1	70												
19	70	Medium	7	95	0	66												
13	74	High	8	98	1	66												
29	100	Low	8	100	0	72												
16	75	Low	10	53	0	64												
9	90	High	7	79	4	70												
28	78	High	7	92	1	71												
17	92	Medium	7	66	2	66												
16	91	Medium	6	72	0	70												
9	87	Medium	6	64	1	64												
30	94	Low	5	52	3	70												
12	98	Low	4	54	2	67												
20	83	Low	6	51	2	65												
25	69	Medium	7	76	1	68												
23	76	Medium	8	81	3	69												
20	90	Low	6	65	3	68												
10	86	High	6	91	2	68												
15	67	Low	9	94	0	64												